{
  "mae": 1968.609927918789,
  "rmse": 3226.4015501093572,
  "bias": 395.0986510272417,
  "n_samples": 1821,
  "baseline_mae": 2026.6844830196044,
  "baseline_rmse": 3430.0750271654633,
  "smart_persistence_mae": 2026.6844830196044,
  "smart_persistence_rmse": 3430.0750271654633,
  "persistence_mae": 2499.6252857105605,
  "persistence_rmse": 3706.7763378669088,
  "coverage_80": 0.9198242723778144,
  "pinball_q10_w": 496.80791750533444,
  "pinball_q90_w": 561.2000790324137,
  "mean_interval_width_w": 9121.154975860496,
  "scale_multiplier": 1.3109394907951355,
  "weather_clear_sky_n": 518,
  "weather_clear_sky_rmse": 1114.339691930861,
  "weather_clear_sky_mae": 586.7337648131512,
  "weather_clear_sky_smart_persistence_rmse": 1167.8034588016608,
  "weather_clear_sky_smart_persistence_mae": 619.5934504710258,
  "weather_cloudy_n": 346,
  "weather_cloudy_rmse": 4699.636780837876,
  "weather_cloudy_mae": 3323.2184093083542,
  "weather_cloudy_smart_persistence_rmse": 4991.117642720206,
  "weather_cloudy_smart_persistence_mae": 3440.0190244566083,
  "weather_overcast_n": 823,
  "weather_overcast_rmse": 3110.581867929443,
  "weather_overcast_mae": 2020.43540611135,
  "weather_overcast_smart_persistence_rmse": 3234.7612359389173,
  "weather_overcast_smart_persistence_mae": 2014.8601158061547,
  "weather_partly_cloudy_n": 134,
  "weather_partly_cloudy_rmse": 4495.1878117928745,
  "weather_partly_cloudy_mae": 3494.4677590788842,
  "weather_partly_cloudy_smart_persistence_rmse": 5101.570387283185,
  "weather_partly_cloudy_smart_persistence_mae": 3889.30282436012,
  "hard_weather_n": 480,
  "hard_weather_rmse": 4643.467256023347,
  "hard_weather_mae": 3371.025519452627,
  "hard_weather_smart_persistence_rmse": 5022.196788118028,
  "hard_weather_smart_persistence_mae": 3565.444085263006,
  "stable_weather_n": 1341,
  "stable_weather_rmse": 2533.3488200213596,
  "stable_weather_mae": 1466.6267184212181,
  "stable_weather_smart_persistence_rmse": 2636.014984978562,
  "stable_weather_smart_persistence_mae": 1475.8980482121226
}