{
  "mae": 2505.3772188516386,
  "rmse": 4352.2505144780525,
  "bias": 416.7110962057187,
  "n_samples": 372,
  "baseline_mae": 2481.704541076114,
  "baseline_rmse": 4458.227906319658,
  "smart_persistence_mae": 2481.704541076114,
  "smart_persistence_rmse": 4458.227906319658,
  "persistence_mae": 2927.502691945722,
  "persistence_rmse": 4616.2593933305,
  "coverage_80": 0.9005376344086021,
  "pinball_q10_w": 618.319339219386,
  "pinball_q90_w": 689.0682921116503,
  "mean_interval_width_w": 10551.497696130642,
  "scale_multiplier": 1.3109394907951355,
  "weather_clear_sky_n": 59,
  "weather_clear_sky_rmse": 1225.2317300111922,
  "weather_clear_sky_mae": 625.1997742142165,
  "weather_clear_sky_smart_persistence_rmse": 1372.4054351951054,
  "weather_clear_sky_smart_persistence_mae": 734.1587812992193,
  "weather_cloudy_n": 79,
  "weather_cloudy_rmse": 5690.906852011803,
  "weather_cloudy_mae": 3299.700420547373,
  "weather_cloudy_smart_persistence_rmse": 5982.17175572876,
  "weather_cloudy_smart_persistence_mae": 3359.443863768336,
  "weather_overcast_n": 218,
  "weather_overcast_rmse": 4284.57557478772,
  "weather_overcast_mae": 2666.7049444869003,
  "weather_overcast_smart_persistence_rmse": 4261.106804488931,
  "weather_overcast_smart_persistence_mae": 2543.4821192256354,
  "weather_partly_cloudy_n": 16,
  "weather_partly_cloudy_rmse": 4983.746574743745,
  "weather_partly_cloudy_mae": 3318.470475799011,
  "weather_partly_cloudy_smart_persistence_rmse": 5575.12946207253,
  "weather_partly_cloudy_smart_persistence_mae": 3750.2221221733394,
  "hard_weather_n": 95,
  "hard_weather_rmse": 5578.087695149596,
  "hard_weather_mae": 3302.861693010807,
  "hard_weather_smart_persistence_rmse": 5915.578924011606,
  "hard_weather_smart_persistence_mae": 3425.2591493944415,
  "stable_weather_n": 277,
  "stable_weather_rmse": 3842.8162278309783,
  "stable_weather_mae": 2231.871713273585,
  "stable_weather_smart_persistence_rmse": 3832.861476178469,
  "stable_weather_smart_persistence_mae": 2158.102780100514
}