{
  "mae": 3556.508845667525,
  "rmse": 5263.248672582389,
  "bias": 1395.679561127804,
  "n_samples": 434,
  "baseline_mae": 3312.0471407465425,
  "baseline_rmse": 5181.455931818419,
  "smart_persistence_mae": 3312.0471407465425,
  "smart_persistence_rmse": 5181.455931818419,
  "persistence_mae": 3342.1805073698547,
  "persistence_rmse": 5231.9670109932085,
  "coverage_80": 0.9285714285714286,
  "pinball_q10_w": 748.7825222228248,
  "pinball_q90_w": 1033.1629381854898,
  "mean_interval_width_w": 14942.14346730985,
  "scale_multiplier": 1.3109394907951355,
  "weather_clear_sky_n": 5,
  "weather_clear_sky_rmse": 3217.872045694125,
  "weather_clear_sky_mae": 2821.955111373635,
  "weather_clear_sky_smart_persistence_rmse": 4425.575285040552,
  "weather_clear_sky_smart_persistence_mae": 3931.2557213322625,
  "weather_cloudy_n": 69,
  "weather_cloudy_rmse": 6267.932625783359,
  "weather_cloudy_mae": 4589.990665112663,
  "weather_cloudy_smart_persistence_rmse": 6549.017228374547,
  "weather_cloudy_smart_persistence_mae": 4780.5851639386965,
  "weather_overcast_n": 354,
  "weather_overcast_rmse": 5042.454859070535,
  "weather_overcast_mae": 3331.5568072977053,
  "weather_overcast_smart_persistence_rmse": 4848.076173925351,
  "weather_overcast_smart_persistence_mae": 2975.577799278731,
  "weather_partly_cloudy_n": 6,
  "weather_partly_cloudy_rmse": 6571.048147879512,
  "weather_partly_cloudy_mae": 5555.766297779356,
  "weather_partly_cloudy_smart_persistence_rmse": 6759.384097190529,
  "weather_partly_cloudy_smart_persistence_mae": 5759.543870149537,
  "hard_weather_n": 75,
  "hard_weather_rmse": 6292.719201600432,
  "hard_weather_mae": 4667.252715725998,
  "hard_weather_smart_persistence_rmse": 6566.094607512983,
  "hard_weather_smart_persistence_mae": 4858.901860435563,
  "stable_weather_n": 359,
  "stable_weather_rmse": 5021.597299551773,
  "stable_weather_mae": 3324.459290641382,
  "stable_weather_smart_persistence_rmse": 4842.444897817307,
  "stable_weather_smart_persistence_mae": 2988.8880767446576
}