{
  "mae": 2486.7892236887196,
  "rmse": 4298.7376979237515,
  "bias": -151.39525253584858,
  "n_samples": 372,
  "baseline_mae": 2481.704541076114,
  "baseline_rmse": 4458.227906319658,
  "smart_persistence_mae": 2481.704541076114,
  "smart_persistence_rmse": 4458.227906319658,
  "persistence_mae": 2927.502691945722,
  "persistence_rmse": 4616.2593933305,
  "coverage_80": 0.9005376344086021,
  "pinball_q10_w": 613.0699567598983,
  "pinball_q90_w": 646.205563797817,
  "mean_interval_width_w": 10508.525116884472,
  "scale_multiplier": 1.4940892606973648,
  "weather_clear_sky_n": 59,
  "weather_clear_sky_rmse": 1220.437892228247,
  "weather_clear_sky_mae": 542.6318017643861,
  "weather_clear_sky_smart_persistence_rmse": 1372.4054351951054,
  "weather_clear_sky_smart_persistence_mae": 734.1587812992193,
  "weather_cloudy_n": 79,
  "weather_cloudy_rmse": 5711.984592311485,
  "weather_cloudy_mae": 3434.6060340576355,
  "weather_cloudy_smart_persistence_rmse": 5982.17175572876,
  "weather_cloudy_smart_persistence_mae": 3359.443863768336,
  "weather_overcast_n": 218,
  "weather_overcast_rmse": 4171.573962235502,
  "weather_overcast_mae": 2583.3178242850886,
  "weather_overcast_smart_persistence_rmse": 4261.106804488931,
  "weather_overcast_smart_persistence_mae": 2543.4821192256354,
  "weather_partly_cloudy_n": 16,
  "weather_partly_cloudy_rmse": 5094.154264580653,
  "weather_partly_cloudy_mae": 3660.8220327126473,
  "weather_partly_cloudy_smart_persistence_rmse": 5575.12946207253,
  "weather_partly_cloudy_smart_persistence_mae": 3750.2221221733394,
  "hard_weather_n": 95,
  "hard_weather_rmse": 5612.69350235698,
  "hard_weather_mae": 3472.7055706732167,
  "hard_weather_smart_persistence_rmse": 5915.578924011606,
  "hard_weather_smart_persistence_mae": 3425.2591493944415,
  "stable_weather_n": 277,
  "stable_weather_rmse": 3743.35562630492,
  "stable_weather_mae": 2148.659068585733,
  "stable_weather_smart_persistence_rmse": 3832.861476178469,
  "stable_weather_smart_persistence_mae": 2158.102780100514
}