{
  "mae": 1776.3863749732975,
  "rmse": 3019.6713203198933,
  "bias": -147.47250219159258,
  "n_samples": 1821,
  "baseline_mae": 2026.6844830196044,
  "baseline_rmse": 3430.0750271654633,
  "smart_persistence_mae": 2026.6844830196044,
  "smart_persistence_rmse": 3430.0750271654633,
  "persistence_mae": 2499.6252857105605,
  "persistence_rmse": 3706.7763378669088,
  "coverage_80": 0.9357495881383855,
  "pinball_q10_w": 484.5560226184385,
  "pinball_q90_w": 513.5460418292836,
  "mean_interval_width_w": 8801.884247429163,
  "scale_multiplier": 1.4940892606973648,
  "weather_clear_sky_n": 518,
  "weather_clear_sky_rmse": 1102.735544326149,
  "weather_clear_sky_mae": 510.4515669728534,
  "weather_clear_sky_smart_persistence_rmse": 1167.8034588016608,
  "weather_clear_sky_smart_persistence_mae": 619.5934504710258,
  "weather_cloudy_n": 346,
  "weather_cloudy_rmse": 4246.667266877539,
  "weather_cloudy_mae": 2899.5016905929747,
  "weather_cloudy_smart_persistence_rmse": 4991.117642720206,
  "weather_cloudy_smart_persistence_mae": 3440.0190244566083,
  "weather_overcast_n": 823,
  "weather_overcast_rmse": 3056.1790592724606,
  "weather_overcast_mae": 1909.0228121056932,
  "weather_overcast_smart_persistence_rmse": 3234.7612359389173,
  "weather_overcast_smart_persistence_mae": 2014.8601158061547,
  "weather_partly_cloudy_n": 134,
  "weather_partly_cloudy_rmse": 3909.32225861517,
  "weather_partly_cloudy_mae": 2955.4650584050846,
  "weather_partly_cloudy_smart_persistence_rmse": 5101.570387283185,
  "weather_partly_cloudy_smart_persistence_mae": 3889.30282436012,
  "hard_weather_n": 480,
  "hard_weather_rmse": 4155.248324121572,
  "hard_weather_mae": 2915.124797440522,
  "hard_weather_smart_persistence_rmse": 5022.196788118028,
  "hard_weather_smart_persistence_mae": 3565.444085263006,
  "stable_weather_n": 1341,
  "stable_weather_rmse": 2490.3858322215406,
  "stable_weather_mae": 1368.7842550745145,
  "stable_weather_smart_persistence_rmse": 2636.014984978562,
  "stable_weather_smart_persistence_mae": 1475.8980482121226
}