{
  "mae": 3390.4350173025887,
  "rmse": 5127.069869765175,
  "bias": 520.3944180283606,
  "n_samples": 434,
  "baseline_mae": 3312.0471407465425,
  "baseline_rmse": 5181.455931818419,
  "smart_persistence_mae": 3312.0471407465425,
  "smart_persistence_rmse": 5181.455931818419,
  "persistence_mae": 3342.1805073698547,
  "persistence_rmse": 5231.9670109932085,
  "coverage_80": 0.9101382488479263,
  "pinball_q10_w": 773.3260024245546,
  "pinball_q90_w": 949.0858443114705,
  "mean_interval_width_w": 13936.370880089115,
  "scale_multiplier": 1.4940892606973648,
  "weather_clear_sky_n": 5,
  "weather_clear_sky_rmse": 4457.00362441563,
  "weather_clear_sky_mae": 3964.748006442329,
  "weather_clear_sky_smart_persistence_rmse": 4425.575285040552,
  "weather_clear_sky_smart_persistence_mae": 3931.2557213322625,
  "weather_cloudy_n": 69,
  "weather_cloudy_rmse": 6283.085484901118,
  "weather_cloudy_mae": 4807.7273746583105,
  "weather_cloudy_smart_persistence_rmse": 6549.017228374547,
  "weather_cloudy_smart_persistence_mae": 4780.5851639386965,
  "weather_overcast_n": 354,
  "weather_overcast_rmse": 4843.110001160019,
  "weather_overcast_mae": 3064.411904490174,
  "weather_overcast_smart_persistence_rmse": 4848.076173925351,
  "weather_overcast_smart_persistence_mae": 2975.577799278731,
  "weather_partly_cloudy_n": 6,
  "weather_partly_cloudy_rmse": 6854.673951545999,
  "weather_partly_cloudy_mae": 5848.342406027815,
  "weather_partly_cloudy_smart_persistence_rmse": 6759.384097190529,
  "weather_partly_cloudy_smart_persistence_mae": 5759.543870149537,
  "hard_weather_n": 75,
  "hard_weather_rmse": 6330.712009899785,
  "hard_weather_mae": 4890.976577167871,
  "hard_weather_smart_persistence_rmse": 6566.094607512983,
  "hard_weather_smart_persistence_mae": 4858.901860435563,
  "stable_weather_n": 359,
  "stable_weather_rmse": 4837.9440756610275,
  "stable_weather_mae": 3076.9514045173623,
  "stable_weather_smart_persistence_rmse": 4842.444897817307,
  "stable_weather_smart_persistence_mae": 2988.8880767446576
}