{
  "mae": 3479.177661852997,
  "rmse": 5205.741833598265,
  "bias": 915.4014769270183,
  "n_samples": 434,
  "baseline_mae": 3312.0471407465425,
  "baseline_rmse": 5181.455931818419,
  "smart_persistence_mae": 3312.0471407465425,
  "smart_persistence_rmse": 5181.455931818419,
  "persistence_mae": 3342.1805073698547,
  "persistence_rmse": 5231.9670109932085,
  "coverage_80": 0.8963133640552995,
  "pinball_q10_w": 802.0109477603751,
  "pinball_q90_w": 1058.7106451047946,
  "mean_interval_width_w": 14996.098821452655,
  "scale_multiplier": 1.632670983672142,
  "weather_clear_sky_n": 5,
  "weather_clear_sky_rmse": 4799.895191819967,
  "weather_clear_sky_mae": 4259.98923051185,
  "weather_clear_sky_smart_persistence_rmse": 4425.575285040552,
  "weather_clear_sky_smart_persistence_mae": 3931.2557213322625,
  "weather_cloudy_n": 69,
  "weather_cloudy_rmse": 6017.093106401187,
  "weather_cloudy_mae": 4468.4945435716145,
  "weather_cloudy_smart_persistence_rmse": 6549.017228374547,
  "weather_cloudy_smart_persistence_mae": 4780.5851639386965,
  "weather_overcast_n": 354,
  "weather_overcast_rmse": 5012.814897039431,
  "weather_overcast_mae": 3239.9935028566365,
  "weather_overcast_smart_persistence_rmse": 4848.076173925351,
  "weather_overcast_smart_persistence_mae": 2975.577799278731,
  "weather_partly_cloudy_n": 6,
  "weather_partly_cloudy_rmse": 6487.161130202404,
  "weather_partly_cloudy_mae": 5563.222595658405,
  "weather_partly_cloudy_smart_persistence_rmse": 6759.384097190529,
  "weather_partly_cloudy_smart_persistence_mae": 5759.543870149537,
  "hard_weather_n": 75,
  "hard_weather_rmse": 6056.0414015550905,
  "hard_weather_mae": 4556.072787738558,
  "hard_weather_smart_persistence_rmse": 6566.094607512983,
  "hard_weather_smart_persistence_mae": 4858.901860435563,
  "stable_weather_n": 359,
  "stable_weather_rmse": 5009.911579742088,
  "stable_weather_mae": 3254.199571486932,
  "stable_weather_smart_persistence_rmse": 4842.444897817307,
  "stable_weather_smart_persistence_mae": 2988.8880767446576
}