{
  "mae": 1535.2996271442546,
  "rmse": 2623.4349184615107,
  "bias": -51.67131035230655,
  "n_samples": 1821,
  "baseline_mae": 2026.6844830196044,
  "baseline_rmse": 3430.0750271654633,
  "smart_persistence_mae": 2026.6844830196044,
  "smart_persistence_rmse": 3430.0750271654633,
  "persistence_mae": 2499.6252857105605,
  "persistence_rmse": 3706.7763378669088,
  "coverage_80": 0.9456342668863262,
  "pinball_q10_w": 436.1293525503128,
  "pinball_q90_w": 439.41112659773233,
  "mean_interval_width_w": 7936.27544983245,
  "scale_multiplier": 1.632670983672142,
  "weather_clear_sky_n": 518,
  "weather_clear_sky_rmse": 1055.0855047579382,
  "weather_clear_sky_mae": 496.41470117315123,
  "weather_clear_sky_smart_persistence_rmse": 1167.8034588016608,
  "weather_clear_sky_smart_persistence_mae": 619.5934504710258,
  "weather_cloudy_n": 346,
  "weather_cloudy_rmse": 3380.8939431177437,
  "weather_cloudy_mae": 2212.7181320272907,
  "weather_cloudy_smart_persistence_rmse": 4991.117642720206,
  "weather_cloudy_smart_persistence_mae": 3440.0190244566083,
  "weather_overcast_n": 823,
  "weather_overcast_rmse": 2875.681045190385,
  "weather_overcast_mae": 1800.7017806802105,
  "weather_overcast_smart_persistence_rmse": 3234.7612359389173,
  "weather_overcast_smart_persistence_mae": 2014.8601158061547,
  "weather_partly_cloudy_n": 134,
  "weather_partly_cloudy_rmse": 2986.866025187725,
  "weather_partly_cloudy_mae": 2172.087810751786,
  "weather_partly_cloudy_smart_persistence_rmse": 5101.570387283185,
  "weather_partly_cloudy_smart_persistence_mae": 3889.30282436012,
  "hard_weather_n": 480,
  "hard_weather_rmse": 3275.666908279748,
  "hard_weather_mae": 2201.375500671212,
  "hard_weather_smart_persistence_rmse": 5022.196788118028,
  "hard_weather_smart_persistence_mae": 3565.444085263006,
  "stable_weather_n": 1341,
  "stable_weather_rmse": 2346.3162365468525,
  "stable_weather_mae": 1296.8832070898625,
  "stable_weather_smart_persistence_rmse": 2636.014984978562,
  "stable_weather_smart_persistence_mae": 1475.8980482121226
}