{
  "mae": 2461.298914820067,
  "rmse": 4301.1909036811185,
  "bias": 130.32813271860294,
  "n_samples": 372,
  "baseline_mae": 2481.704541076114,
  "baseline_rmse": 4458.227906319658,
  "smart_persistence_mae": 2481.704541076114,
  "smart_persistence_rmse": 4458.227906319658,
  "persistence_mae": 2927.502691945722,
  "persistence_rmse": 4616.2593933305,
  "coverage_80": 0.9005376344086021,
  "pinball_q10_w": 638.9037840471285,
  "pinball_q90_w": 684.1116169508742,
  "mean_interval_width_w": 10140.540995575226,
  "scale_multiplier": 1.632670983672142,
  "weather_clear_sky_n": 59,
  "weather_clear_sky_rmse": 1272.5753240921274,
  "weather_clear_sky_mae": 576.3716165135828,
  "weather_clear_sky_smart_persistence_rmse": 1372.4054351951054,
  "weather_clear_sky_smart_persistence_mae": 734.1587812992193,
  "weather_cloudy_n": 79,
  "weather_cloudy_rmse": 5577.241000360353,
  "weather_cloudy_mae": 3303.932782245079,
  "weather_cloudy_smart_persistence_rmse": 5982.17175572876,
  "weather_cloudy_smart_persistence_mae": 3359.443863768336,
  "weather_overcast_n": 218,
  "weather_overcast_rmse": 4268.716590253902,
  "weather_overcast_mae": 2595.718508899252,
  "weather_overcast_smart_persistence_rmse": 4261.106804488931,
  "weather_overcast_smart_persistence_mae": 2543.4821192256354,
  "weather_partly_cloudy_n": 16,
  "weather_partly_cloudy_rmse": 4722.393929965071,
  "weather_partly_cloudy_mae": 3419.9966375853255,
  "weather_partly_cloudy_smart_persistence_rmse": 5575.12946207253,
  "weather_partly_cloudy_smart_persistence_mae": 3750.2221221733394,
  "hard_weather_n": 95,
  "hard_weather_rmse": 5442.677193197324,
  "hard_weather_mae": 3323.480378933963,
  "hard_weather_smart_persistence_rmse": 5915.578924011606,
  "hard_weather_smart_persistence_mae": 3425.2591493944415,
  "stable_weather_n": 277,
  "stable_weather_rmse": 3832.188692690179,
  "stable_weather_mae": 2165.6049108820876,
  "stable_weather_smart_persistence_rmse": 3832.861476178469,
  "stable_weather_smart_persistence_mae": 2158.102780100514
}