{
  "mae": 2634.9120522236926,
  "rmse": 4414.1980200770595,
  "bias": -412.3437881568372,
  "n_samples": 372,
  "baseline_mae": 2481.704541076114,
  "baseline_rmse": 4458.227906319658,
  "smart_persistence_mae": 2481.704541076114,
  "smart_persistence_rmse": 4458.227906319658,
  "persistence_mae": 2927.502691945722,
  "persistence_rmse": 4616.2593933305,
  "coverage_80": 0.9005376344086021,
  "pinball_q10_w": 698.5497539235224,
  "pinball_q90_w": 695.5941510714741,
  "mean_interval_width_w": 11794.344482511144,
  "scale_multiplier": 1.5757239758968353,
  "weather_clear_sky_n": 59,
  "weather_clear_sky_rmse": 1376.818641551488,
  "weather_clear_sky_mae": 749.886192542702,
  "weather_clear_sky_smart_persistence_rmse": 1372.4054351951054,
  "weather_clear_sky_smart_persistence_mae": 734.1587812992193,
  "weather_cloudy_n": 79,
  "weather_cloudy_rmse": 5682.659055127906,
  "weather_cloudy_mae": 3742.639721159466,
  "weather_cloudy_smart_persistence_rmse": 5982.17175572876,
  "weather_cloudy_smart_persistence_mae": 3359.443863768336,
  "weather_overcast_n": 218,
  "weather_overcast_rmse": 4371.90206105335,
  "weather_overcast_mae": 2676.814896746218,
  "weather_overcast_smart_persistence_rmse": 4261.106804488931,
  "weather_overcast_smart_persistence_mae": 2543.4821192256354,
  "weather_partly_cloudy_n": 16,
  "weather_partly_cloudy_rmse": 5115.942962279241,
  "weather_partly_cloudy_mae": 3545.6132878075587,
  "weather_partly_cloudy_smart_persistence_rmse": 5575.12946207253,
  "weather_partly_cloudy_smart_persistence_mae": 3750.2221221733394,
  "hard_weather_n": 95,
  "hard_weather_rmse": 5591.23605513416,
  "hard_weather_mae": 3709.456321858092,
  "hard_weather_smart_persistence_rmse": 5915.578924011606,
  "hard_weather_smart_persistence_mae": 3425.2591493944415,
  "stable_weather_n": 277,
  "stable_weather_rmse": 3930.1625288528676,
  "stable_weather_mae": 2266.386039172184,
  "stable_weather_smart_persistence_rmse": 3832.861476178469,
  "stable_weather_smart_persistence_mae": 2158.102780100514
}