{
  "mae": 3519.5606897731777,
  "rmse": 5196.92905458612,
  "bias": 691.6091345906788,
  "n_samples": 434,
  "baseline_mae": 3312.0471407465425,
  "baseline_rmse": 5181.455931818419,
  "smart_persistence_mae": 3312.0471407465425,
  "smart_persistence_rmse": 5181.455931818419,
  "persistence_mae": 3342.1805073698547,
  "persistence_rmse": 5231.9670109932085,
  "coverage_80": 0.9262672811059908,
  "pinball_q10_w": 857.1442461351913,
  "pinball_q90_w": 1110.8825687509327,
  "mean_interval_width_w": 17161.856101423487,
  "scale_multiplier": 1.5757239758968353,
  "weather_clear_sky_n": 5,
  "weather_clear_sky_rmse": 4536.356347876708,
  "weather_clear_sky_mae": 4364.718906833092,
  "weather_clear_sky_smart_persistence_rmse": 4425.575285040552,
  "weather_clear_sky_smart_persistence_mae": 3931.2557213322625,
  "weather_cloudy_n": 69,
  "weather_cloudy_rmse": 6085.750575598568,
  "weather_cloudy_mae": 4645.045605928722,
  "weather_cloudy_smart_persistence_rmse": 6549.017228374547,
  "weather_cloudy_smart_persistence_mae": 4780.5851639386965,
  "weather_overcast_n": 354,
  "weather_overcast_rmse": 4987.297529307237,
  "weather_overcast_mae": 3251.60344676034,
  "weather_overcast_smart_persistence_rmse": 4848.076173925351,
  "weather_overcast_smart_persistence_mae": 2975.577799278731,
  "weather_partly_cloudy_n": 6,
  "weather_partly_cloudy_rmse": 6557.581004542896,
  "weather_partly_cloudy_mae": 5681.662977525305,
  "weather_partly_cloudy_smart_persistence_rmse": 6759.384097190529,
  "weather_partly_cloudy_smart_persistence_mae": 5759.543870149537,
  "hard_weather_n": 75,
  "hard_weather_rmse": 6124.834753151939,
  "hard_weather_mae": 4727.974995656448,
  "hard_weather_smart_persistence_rmse": 6566.094607512983,
  "hard_weather_smart_persistence_mae": 4858.901860435563,
  "stable_weather_n": 359,
  "stable_weather_rmse": 4981.297337811471,
  "stable_weather_mae": 3267.106447597008,
  "stable_weather_smart_persistence_rmse": 4842.444897817307,
  "stable_weather_smart_persistence_mae": 2988.8880767446576
}