{
  "mae": 1756.1773874808187,
  "rmse": 2908.862483674428,
  "bias": -327.27044342498715,
  "n_samples": 1821,
  "baseline_mae": 2026.6844830196044,
  "baseline_rmse": 3430.0750271654633,
  "smart_persistence_mae": 2026.6844830196044,
  "smart_persistence_rmse": 3430.0750271654633,
  "persistence_mae": 2499.6252857105605,
  "persistence_rmse": 3706.7763378669088,
  "coverage_80": 0.942339373970346,
  "pinball_q10_w": 515.4879574341423,
  "pinball_q90_w": 502.6853346072566,
  "mean_interval_width_w": 9239.658995004898,
  "scale_multiplier": 1.5757239758968353,
  "weather_clear_sky_n": 518,
  "weather_clear_sky_rmse": 1137.408056208705,
  "weather_clear_sky_mae": 666.7820171769039,
  "weather_clear_sky_smart_persistence_rmse": 1167.8034588016608,
  "weather_clear_sky_smart_persistence_mae": 619.5934504710258,
  "weather_cloudy_n": 346,
  "weather_cloudy_rmse": 3953.854397178473,
  "weather_cloudy_mae": 2635.237916073765,
  "weather_cloudy_smart_persistence_rmse": 4991.117642720206,
  "weather_cloudy_smart_persistence_mae": 3440.0190244566083,
  "weather_overcast_n": 823,
  "weather_overcast_rmse": 3037.6939918128746,
  "weather_overcast_mae": 1929.3803169183016,
  "weather_overcast_smart_persistence_rmse": 3234.7612359389173,
  "weather_overcast_smart_persistence_mae": 2014.8601158061547,
  "weather_partly_cloudy_n": 134,
  "weather_partly_cloudy_rmse": 3598.2102591863204,
  "weather_partly_cloudy_mae": 2633.8329695496236,
  "weather_partly_cloudy_smart_persistence_rmse": 5101.570387283185,
  "weather_partly_cloudy_smart_persistence_mae": 3889.30282436012,
  "hard_weather_n": 480,
  "hard_weather_rmse": 3857.8705905488214,
  "hard_weather_mae": 2634.845701835776,
  "hard_weather_smart_persistence_rmse": 5022.196788118028,
  "hard_weather_smart_persistence_mae": 3565.444085263006,
  "stable_weather_n": 1341,
  "stable_weather_rmse": 2482.517150555325,
  "stable_weather_mae": 1441.6652391658452,
  "stable_weather_smart_persistence_rmse": 2636.014984978562,
  "stable_weather_smart_persistence_mae": 1475.8980482121226
}