{
  "mae": 1611.7507314125794,
  "rmse": 2741.162562406425,
  "bias": -127.79220358723622,
  "n_samples": 1821,
  "baseline_mae": 2026.6844830196044,
  "baseline_rmse": 3430.0750271654633,
  "smart_persistence_mae": 2026.6844830196044,
  "smart_persistence_rmse": 3430.0750271654633,
  "persistence_mae": 2499.6252857105605,
  "persistence_rmse": 3706.7763378669088,
  "coverage_80": 0.9626578802855574,
  "pinball_q10_w": 499.68168308759834,
  "pinball_q90_w": 504.2536761053691,
  "mean_interval_width_w": 9404.94115054006,
  "scale_multiplier": 1.956413745880127,
  "weather_clear_sky_n": 518,
  "weather_clear_sky_rmse": 1043.4511196980436,
  "weather_clear_sky_mae": 532.3081799336521,
  "weather_clear_sky_smart_persistence_rmse": 1167.8034588016608,
  "weather_clear_sky_smart_persistence_mae": 619.5934504710258,
  "weather_cloudy_n": 346,
  "weather_cloudy_rmse": 3650.4098648526256,
  "weather_cloudy_mae": 2374.5922432993675,
  "weather_cloudy_smart_persistence_rmse": 4991.117642720206,
  "weather_cloudy_smart_persistence_mae": 3440.0190244566083,
  "weather_overcast_n": 823,
  "weather_overcast_rmse": 2914.2332786583993,
  "weather_overcast_mae": 1836.7358787847447,
  "weather_overcast_smart_persistence_rmse": 3234.7612359389173,
  "weather_overcast_smart_persistence_mae": 2014.8601158061547,
  "weather_partly_cloudy_n": 134,
  "weather_partly_cloudy_rmse": 3366.6404097988834,
  "weather_partly_cloudy_mae": 2432.984330412306,
  "weather_partly_cloudy_smart_persistence_rmse": 5101.570387283185,
  "weather_partly_cloudy_smart_persistence_mae": 3889.30282436012,
  "hard_weather_n": 480,
  "hard_weather_rmse": 3573.458921840875,
  "hard_weather_mae": 2390.893367618396,
  "hard_weather_smart_persistence_rmse": 5022.196788118028,
  "hard_weather_smart_persistence_mae": 3565.444085263006,
  "stable_weather_n": 1341,
  "stable_weather_rmse": 2373.3436399609877,
  "stable_weather_mae": 1332.8629869093784,
  "stable_weather_smart_persistence_rmse": 2636.014984978562,
  "stable_weather_smart_persistence_mae": 1475.8980482121226
}