{
  "mae": 3724.0618320557487,
  "rmse": 5545.970314329275,
  "bias": 1193.1367930113738,
  "n_samples": 434,
  "baseline_mae": 3312.0471407465425,
  "baseline_rmse": 5181.455931818419,
  "smart_persistence_mae": 3312.0471407465425,
  "smart_persistence_rmse": 5181.455931818419,
  "persistence_mae": 3342.1805073698547,
  "persistence_rmse": 5231.9670109932085,
  "coverage_80": 0.9216589861751152,
  "pinball_q10_w": 854.0026823484976,
  "pinball_q90_w": 1338.8494192505038,
  "mean_interval_width_w": 19647.43886626379,
  "scale_multiplier": 1.956413745880127,
  "weather_clear_sky_n": 5,
  "weather_clear_sky_rmse": 4925.344564517555,
  "weather_clear_sky_mae": 4407.818923963792,
  "weather_clear_sky_smart_persistence_rmse": 4425.575285040552,
  "weather_clear_sky_smart_persistence_mae": 3931.2557213322625,
  "weather_cloudy_n": 69,
  "weather_cloudy_rmse": 6416.065884161163,
  "weather_cloudy_mae": 4544.55467923207,
  "weather_cloudy_smart_persistence_rmse": 6549.017228374547,
  "weather_cloudy_smart_persistence_mae": 4780.5851639386965,
  "weather_overcast_n": 354,
  "weather_overcast_rmse": 5348.5287794135065,
  "weather_overcast_mae": 3519.2111749679834,
  "weather_overcast_smart_persistence_rmse": 4848.076173925351,
  "weather_overcast_smart_persistence_mae": 2975.577799278731,
  "weather_partly_cloudy_n": 6,
  "weather_partly_cloudy_rmse": 6587.160095595372,
  "weather_partly_cloudy_mae": 5804.785281116182,
  "weather_partly_cloudy_smart_persistence_rmse": 6759.384097190529,
  "weather_partly_cloudy_smart_persistence_mae": 5759.543870149537,
  "hard_weather_n": 75,
  "hard_weather_rmse": 6429.920961062068,
  "hard_weather_mae": 4645.373127382799,
  "hard_weather_smart_persistence_rmse": 6566.094607512983,
  "hard_weather_smart_persistence_mae": 4858.901860435563,
  "stable_weather_n": 359,
  "stable_weather_rmse": 5342.865018699679,
  "stable_weather_mae": 3531.587327460961,
  "stable_weather_smart_persistence_rmse": 4842.444897817307,
  "stable_weather_smart_persistence_mae": 2988.8880767446576
}