{
  "mae": 2515.083433316255,
  "rmse": 4352.489786875117,
  "bias": -71.3870109054632,
  "n_samples": 372,
  "baseline_mae": 2481.704541076114,
  "baseline_rmse": 4458.227906319658,
  "smart_persistence_mae": 2481.704541076114,
  "smart_persistence_rmse": 4458.227906319658,
  "persistence_mae": 2927.502691945722,
  "persistence_rmse": 4616.2593933305,
  "coverage_80": 0.9005376344086021,
  "pinball_q10_w": 707.4630515196906,
  "pinball_q90_w": 740.0725532470682,
  "mean_interval_width_w": 12374.637199561788,
  "scale_multiplier": 1.956413745880127,
  "weather_clear_sky_n": 59,
  "weather_clear_sky_rmse": 1279.5803593500416,
  "weather_clear_sky_mae": 570.6246574471618,
  "weather_clear_sky_smart_persistence_rmse": 1372.4054351951054,
  "weather_clear_sky_smart_persistence_mae": 734.1587812992193,
  "weather_cloudy_n": 79,
  "weather_cloudy_rmse": 5570.345312126396,
  "weather_cloudy_mae": 3357.484970265298,
  "weather_cloudy_smart_persistence_rmse": 5982.17175572876,
  "weather_cloudy_smart_persistence_mae": 3359.443863768336,
  "weather_overcast_n": 218,
  "weather_overcast_rmse": 4373.808046866031,
  "weather_overcast_mae": 2700.6561473187735,
  "weather_overcast_smart_persistence_rmse": 4261.106804488931,
  "weather_overcast_smart_persistence_mae": 2543.4821192256354,
  "weather_partly_cloudy_n": 16,
  "weather_partly_cloudy_rmse": 4534.410866419745,
  "weather_partly_cloudy_mae": 2997.489352363322,
  "weather_partly_cloudy_smart_persistence_rmse": 5575.12946207253,
  "weather_partly_cloudy_smart_persistence_mae": 3750.2221221733394,
  "hard_weather_n": 95,
  "hard_weather_rmse": 5409.781701304484,
  "hard_weather_mae": 3296.8541293554913,
  "hard_weather_smart_persistence_rmse": 5915.578924011606,
  "hard_weather_smart_persistence_mae": 3425.2591493944415,
  "stable_weather_n": 277,
  "stable_weather_rmse": 3924.828464134092,
  "stable_weather_mae": 2246.967129620488,
  "stable_weather_smart_persistence_rmse": 3832.861476178469,
  "stable_weather_smart_persistence_mae": 2158.102780100514
}