{
  "mae": 2590.641801032403,
  "rmse": 4413.484853935045,
  "bias": -329.7450288465721,
  "n_samples": 372,
  "baseline_mae": 2481.704541076114,
  "baseline_rmse": 4458.227906319658,
  "smart_persistence_mae": 2481.704541076114,
  "smart_persistence_rmse": 4458.227906319658,
  "persistence_mae": 2927.502691945722,
  "persistence_rmse": 4616.2593933305,
  "coverage_80": 0.9005376344086021,
  "pinball_q10_w": 634.6679497742925,
  "pinball_q90_w": 689.7781210068487,
  "mean_interval_width_w": 10561.194841477176,
  "scale_multiplier": 1.6705030798912048,
  "weather_clear_sky_n": 59,
  "weather_clear_sky_rmse": 1260.8601354434754,
  "weather_clear_sky_mae": 577.3299002860223,
  "weather_clear_sky_smart_persistence_rmse": 1372.4054351951054,
  "weather_clear_sky_smart_persistence_mae": 734.1587812992193,
  "weather_cloudy_n": 79,
  "weather_cloudy_rmse": 5755.51407462002,
  "weather_cloudy_mae": 3672.0031333105658,
  "weather_cloudy_smart_persistence_rmse": 5982.17175572876,
  "weather_cloudy_smart_persistence_mae": 3359.443863768336,
  "weather_overcast_n": 218,
  "weather_overcast_rmse": 4354.758730059074,
  "weather_overcast_mae": 2663.846786349774,
  "weather_overcast_smart_persistence_rmse": 4261.106804488931,
  "weather_overcast_smart_persistence_mae": 2543.4821192256354,
  "weather_partly_cloudy_n": 16,
  "weather_partly_cloudy_rmse": 5007.809846078889,
  "weather_partly_cloudy_mae": 3678.0899319620657,
  "weather_partly_cloudy_smart_persistence_rmse": 5575.12946207253,
  "weather_partly_cloudy_smart_persistence_mae": 3750.2221221733394,
  "hard_weather_n": 95,
  "hard_weather_rmse": 5636.534947213895,
  "hard_weather_mae": 3673.0282783466077,
  "hard_weather_smart_persistence_rmse": 5915.578924011606,
  "hard_weather_smart_persistence_mae": 3425.2591493944415,
  "stable_weather_n": 277,
  "stable_weather_rmse": 3906.826235875698,
  "stable_weather_mae": 2219.42622217013,
  "stable_weather_smart_persistence_rmse": 3832.861476178469,
  "stable_weather_smart_persistence_mae": 2158.102780100514
}