{
  "mae": 1652.4105754251798,
  "rmse": 2844.3343354423623,
  "bias": -270.68674675249434,
  "n_samples": 1821,
  "baseline_mae": 2026.6844830196044,
  "baseline_rmse": 3430.0750271654633,
  "smart_persistence_mae": 2026.6844830196044,
  "smart_persistence_rmse": 3430.0750271654633,
  "persistence_mae": 2499.6252857105605,
  "persistence_rmse": 3706.7763378669088,
  "coverage_80": 0.9533223503569467,
  "pinball_q10_w": 534.387315774232,
  "pinball_q90_w": 521.5048849059251,
  "mean_interval_width_w": 9812.593159247466,
  "scale_multiplier": 1.6705030798912048,
  "weather_clear_sky_n": 518,
  "weather_clear_sky_rmse": 1066.3888649463106,
  "weather_clear_sky_mae": 491.44530327558095,
  "weather_clear_sky_smart_persistence_rmse": 1167.8034588016608,
  "weather_clear_sky_smart_persistence_mae": 619.5934504710258,
  "weather_cloudy_n": 346,
  "weather_cloudy_rmse": 3846.886675990669,
  "weather_cloudy_mae": 2526.723406229755,
  "weather_cloudy_smart_persistence_rmse": 4991.117642720206,
  "weather_cloudy_smart_persistence_mae": 3440.0190244566083,
  "weather_overcast_n": 823,
  "weather_overcast_rmse": 3022.1613617476874,
  "weather_overcast_mae": 1880.2722163459575,
  "weather_overcast_smart_persistence_rmse": 3234.7612359389173,
  "weather_overcast_smart_persistence_mae": 2014.8601158061547,
  "weather_partly_cloudy_n": 134,
  "weather_partly_cloudy_rmse": 3352.577844157116,
  "weather_partly_cloudy_mae": 2483.288493614055,
  "weather_partly_cloudy_smart_persistence_rmse": 5101.570387283185,
  "weather_partly_cloudy_smart_persistence_mae": 3889.30282436012,
  "hard_weather_n": 480,
  "hard_weather_rmse": 3715.514801374063,
  "hard_weather_mae": 2514.597826457872,
  "hard_weather_smart_persistence_rmse": 5022.196788118028,
  "hard_weather_smart_persistence_mae": 3565.444085263006,
  "stable_weather_n": 1341,
  "stable_weather_rmse": 2458.5905246594343,
  "stable_weather_mae": 1343.7976891494961,
  "stable_weather_smart_persistence_rmse": 2636.014984978562,
  "stable_weather_smart_persistence_mae": 1475.8980482121226
}