{
  "mae": 2582.068714009819,
  "rmse": 4447.765724242787,
  "bias": 470.2829412513552,
  "n_samples": 372,
  "baseline_mae": 2481.704541076114,
  "baseline_rmse": 4458.227906319658,
  "smart_persistence_mae": 2481.704541076114,
  "smart_persistence_rmse": 4458.227906319658,
  "persistence_mae": 2927.502691945722,
  "persistence_rmse": 4616.2593933305,
  "coverage_80": 0.9005376344086021,
  "pinball_q10_w": 669.6985675691661,
  "pinball_q90_w": 706.5356817424606,
  "mean_interval_width_w": 10978.269361797842,
  "scale_multiplier": 1.5753003805875778,
  "weather_clear_sky_n": 59,
  "weather_clear_sky_rmse": 1285.67492720349,
  "weather_clear_sky_mae": 642.6943490894164,
  "weather_clear_sky_smart_persistence_rmse": 1372.4054351951054,
  "weather_clear_sky_smart_persistence_mae": 734.1587812992193,
  "weather_cloudy_n": 79,
  "weather_cloudy_rmse": 5730.8876807587985,
  "weather_cloudy_mae": 3496.969694921218,
  "weather_cloudy_smart_persistence_rmse": 5982.17175572876,
  "weather_cloudy_smart_persistence_mae": 3359.443863768336,
  "weather_overcast_n": 218,
  "weather_overcast_rmse": 4420.40947805489,
  "weather_overcast_mae": 2725.6236838595237,
  "weather_overcast_smart_persistence_rmse": 4261.106804488931,
  "weather_overcast_smart_persistence_mae": 2543.4821192256354,
  "weather_partly_cloudy_n": 16,
  "weather_partly_cloudy_rmse": 5045.312246931633,
  "weather_partly_cloudy_mae": 3260.251627201549,
  "weather_partly_cloudy_smart_persistence_rmse": 5575.12946207253,
  "weather_partly_cloudy_smart_persistence_mae": 3750.2221221733394,
  "hard_weather_n": 95,
  "hard_weather_rmse": 5621.280642487999,
  "hard_weather_mae": 3457.1013887789577,
  "hard_weather_smart_persistence_rmse": 5915.578924011606,
  "hard_weather_smart_persistence_mae": 3425.2591493944415,
  "stable_weather_n": 277,
  "stable_weather_rmse": 3966.1241485479804,
  "stable_weather_mae": 2281.967255153978,
  "stable_weather_smart_persistence_rmse": 3832.861476178469,
  "stable_weather_smart_persistence_mae": 2158.102780100514
}