{
  "mae": 3730.1215137242248,
  "rmse": 5477.050239758121,
  "bias": 1686.2089598612788,
  "n_samples": 434,
  "baseline_mae": 3312.0471407465425,
  "baseline_rmse": 5181.455931818419,
  "smart_persistence_mae": 3312.0471407465425,
  "smart_persistence_rmse": 5181.455931818419,
  "persistence_mae": 3342.1805073698547,
  "persistence_rmse": 5231.9670109932085,
  "coverage_80": 0.9055299539170507,
  "pinball_q10_w": 789.033782515746,
  "pinball_q90_w": 1160.1663675848156,
  "mean_interval_width_w": 16252.345026218907,
  "scale_multiplier": 1.5753003805875778,
  "weather_clear_sky_n": 5,
  "weather_clear_sky_rmse": 3868.002244550551,
  "weather_clear_sky_mae": 3742.131671630358,
  "weather_clear_sky_smart_persistence_rmse": 4425.575285040552,
  "weather_clear_sky_smart_persistence_mae": 3931.2557213322625,
  "weather_cloudy_n": 69,
  "weather_cloudy_rmse": 6169.560865024112,
  "weather_cloudy_mae": 4570.034919215837,
  "weather_cloudy_smart_persistence_rmse": 6549.017228374547,
  "weather_cloudy_smart_persistence_mae": 4780.5851639386965,
  "weather_overcast_n": 354,
  "weather_overcast_rmse": 5330.0414115696785,
  "weather_overcast_mae": 3533.8555879591054,
  "weather_overcast_smart_persistence_rmse": 4848.076173925351,
  "weather_overcast_smart_persistence_mae": 2975.577799278731,
  "weather_partly_cloudy_n": 6,
  "weather_partly_cloudy_rmse": 6596.364421566967,
  "weather_partly_cloudy_mae": 5640.7985057909,
  "weather_partly_cloudy_smart_persistence_rmse": 6759.384097190529,
  "weather_partly_cloudy_smart_persistence_mae": 5759.543870149537,
  "hard_weather_n": 75,
  "hard_weather_rmse": 6204.785625017778,
  "hard_weather_mae": 4655.696006141842,
  "hard_weather_smart_persistence_rmse": 6566.094607512983,
  "hard_weather_smart_persistence_mae": 4858.901860435563,
  "stable_weather_n": 359,
  "stable_weather_rmse": 5312.442450556942,
  "stable_weather_mae": 3536.7563690687334,
  "stable_weather_smart_persistence_rmse": 4842.444897817307,
  "stable_weather_smart_persistence_mae": 2988.8880767446576
}