{
  "mae": 1774.8256602086237,
  "rmse": 2972.6130243289604,
  "bias": 313.824824184941,
  "n_samples": 1821,
  "baseline_mae": 2026.6844830196044,
  "baseline_rmse": 3430.0750271654633,
  "smart_persistence_mae": 2026.6844830196044,
  "smart_persistence_rmse": 3430.0750271654633,
  "persistence_mae": 2499.6252857105605,
  "persistence_rmse": 3706.7763378669088,
  "coverage_80": 0.9352004393190555,
  "pinball_q10_w": 448.6492204935604,
  "pinball_q90_w": 514.8738538702715,
  "mean_interval_width_w": 8548.625046786861,
  "scale_multiplier": 1.5753003805875778,
  "weather_clear_sky_n": 518,
  "weather_clear_sky_rmse": 1076.2025070123004,
  "weather_clear_sky_mae": 581.0056250897485,
  "weather_clear_sky_smart_persistence_rmse": 1167.8034588016608,
  "weather_clear_sky_smart_persistence_mae": 619.5934504710258,
  "weather_cloudy_n": 346,
  "weather_cloudy_rmse": 4189.064121405164,
  "weather_cloudy_mae": 2836.226557774417,
  "weather_cloudy_smart_persistence_rmse": 4991.117642720206,
  "weather_cloudy_smart_persistence_mae": 3440.0190244566083,
  "weather_overcast_n": 823,
  "weather_overcast_rmse": 3000.3963401752994,
  "weather_overcast_mae": 1891.7763302472622,
  "weather_overcast_smart_persistence_rmse": 3234.7612359389173,
  "weather_overcast_smart_persistence_mae": 2014.8601158061547,
  "weather_partly_cloudy_n": 134,
  "weather_partly_cloudy_rmse": 3873.4914332944054,
  "weather_partly_cloudy_mae": 2930.823169104247,
  "weather_partly_cloudy_smart_persistence_rmse": 5101.570387283185,
  "weather_partly_cloudy_smart_persistence_mae": 3889.30282436012,
  "hard_weather_n": 480,
  "hard_weather_rmse": 4103.409342194488,
  "hard_weather_mae": 2862.634778437328,
  "hard_weather_smart_persistence_rmse": 5022.196788118028,
  "hard_weather_smart_persistence_mae": 3565.444085263006,
  "stable_weather_n": 1341,
  "stable_weather_rmse": 2443.8376118422602,
  "stable_weather_mae": 1385.453268896336,
  "stable_weather_smart_persistence_rmse": 2636.014984978562,
  "stable_weather_smart_persistence_mae": 1475.8980482121226
}