{
  "mae": 2488.326012551174,
  "rmse": 4250.9535960915955,
  "bias": -15.328820769869278,
  "n_samples": 372,
  "smart_persistence_mae": 2481.704541076114,
  "smart_persistence_rmse": 4458.227906319658,
  "persistence_mae": 2927.502691945722,
  "persistence_rmse": 4616.2593933305,
  "coverage_80": 0.9032258064516129,
  "pinball_q10_w": 624.7952307186475,
  "pinball_q90_w": 674.6684363521366,
  "mean_interval_width_w": 10737.441198730208,
  "weather_clear_sky_n": 59,
  "weather_clear_sky_rmse": 1220.437892228247,
  "weather_clear_sky_mae": 542.6318017643861,
  "weather_clear_sky_smart_persistence_rmse": 1372.4054351951054,
  "weather_clear_sky_smart_persistence_mae": 734.1587812992193,
  "weather_cloudy_n": 79,
  "weather_cloudy_rmse": 5632.667913511255,
  "weather_cloudy_mae": 3584.781957681708,
  "weather_cloudy_smart_persistence_rmse": 5982.17175572876,
  "weather_cloudy_smart_persistence_mae": 3359.443863768336,
  "weather_overcast_n": 218,
  "weather_overcast_rmse": 4171.573962235503,
  "weather_overcast_mae": 2583.3178242850886,
  "weather_overcast_smart_persistence_rmse": 4261.106804488931,
  "weather_overcast_smart_persistence_mae": 2543.4821192256354,
  "weather_partly_cloudy_n": 16,
  "weather_partly_cloudy_rmse": 4571.075423712157,
  "weather_partly_cloudy_mae": 2955.0587508708522,
  "weather_partly_cloudy_smart_persistence_rmse": 5575.12946207253,
  "weather_partly_cloudy_smart_persistence_mae": 3750.2221221733394,
  "hard_weather_n": 95,
  "hard_weather_rmse": 5468.3246414969735,
  "hard_weather_mae": 3478.72331232409,
  "hard_weather_smart_persistence_rmse": 5915.578924011606,
  "hard_weather_smart_persistence_mae": 3425.2591493944415,
  "stable_weather_n": 277,
  "stable_weather_rmse": 3743.35562630492,
  "stable_weather_mae": 2148.659068585733,
  "stable_weather_smart_persistence_rmse": 3832.861476178469,
  "stable_weather_smart_persistence_mae": 2158.102780100514
}