{
  "mae": 1759.2127728916123,
  "rmse": 2978.7273114024283,
  "bias": -28.921788961848854,
  "n_samples": 1821,
  "smart_persistence_mae": 2026.6844830196044,
  "smart_persistence_rmse": 3430.0750271654633,
  "persistence_mae": 2499.6252857105605,
  "persistence_rmse": 3706.7763378669088,
  "coverage_80": 0.9412410763316859,
  "pinball_q10_w": 486.36033343616054,
  "pinball_q90_w": 534.8790205264262,
  "mean_interval_width_w": 9085.827447060856,
  "weather_clear_sky_n": 518,
  "weather_clear_sky_rmse": 1102.735544326149,
  "weather_clear_sky_mae": 510.4515669728534,
  "weather_clear_sky_smart_persistence_rmse": 1167.8034588016608,
  "weather_clear_sky_smart_persistence_mae": 619.5934504710258,
  "weather_cloudy_n": 346,
  "weather_cloudy_rmse": 4116.8270089329735,
  "weather_cloudy_mae": 2843.5040247869456,
  "weather_cloudy_smart_persistence_rmse": 4991.117642720206,
  "weather_cloudy_smart_persistence_mae": 3440.0190244566083,
  "weather_overcast_n": 823,
  "weather_overcast_rmse": 3056.179059272461,
  "weather_overcast_mae": 1909.0228121056934,
  "weather_overcast_smart_persistence_rmse": 3234.7612359389173,
  "weather_overcast_smart_persistence_mae": 2014.8601158061547,
  "weather_partly_cloudy_n": 134,
  "weather_partly_cloudy_rmse": 3840.4641946507036,
  "weather_partly_cloudy_mae": 2866.6744836150656,
  "weather_partly_cloudy_smart_persistence_rmse": 5101.570387283185,
  "weather_partly_cloudy_smart_persistence_mae": 3889.30282436012,
  "hard_weather_n": 480,
  "hard_weather_rmse": 4041.577584904421,
  "hard_weather_mae": 2849.972444543129,
  "hard_weather_smart_persistence_rmse": 5022.196788118028,
  "hard_weather_smart_persistence_mae": 3565.444085263006,
  "stable_weather_n": 1341,
  "stable_weather_rmse": 2490.385832221541,
  "stable_weather_mae": 1368.7842550745145,
  "stable_weather_smart_persistence_rmse": 2636.014984978562,
  "stable_weather_smart_persistence_mae": 1475.8980482121226
}