{
  "mae": 3341.745159965363,
  "rmse": 5037.929268694947,
  "bias": 520.1473105298398,
  "n_samples": 434,
  "smart_persistence_mae": 3312.0471407465425,
  "smart_persistence_rmse": 5181.455931818419,
  "persistence_mae": 3342.1805073698547,
  "persistence_rmse": 5231.9670109932085,
  "coverage_80": 0.923963133640553,
  "pinball_q10_w": 762.7227400866708,
  "pinball_q90_w": 954.4391141965143,
  "mean_interval_width_w": 14370.227771501788,
  "weather_clear_sky_n": 5,
  "weather_clear_sky_rmse": 4457.00362441563,
  "weather_clear_sky_mae": 3964.748006442329,
  "weather_clear_sky_smart_persistence_rmse": 4425.575285040552,
  "weather_clear_sky_smart_persistence_mae": 3931.2557213322625,
  "weather_cloudy_n": 69,
  "weather_cloudy_rmse": 5868.985938861205,
  "weather_cloudy_mae": 4554.260693922679,
  "weather_cloudy_smart_persistence_rmse": 6549.017228374547,
  "weather_cloudy_smart_persistence_mae": 4780.5851639386965,
  "weather_overcast_n": 354,
  "weather_overcast_rmse": 4843.110001160018,
  "weather_overcast_mae": 3064.411904490174,
  "weather_overcast_smart_persistence_rmse": 4848.076173925351,
  "weather_overcast_smart_persistence_mae": 2975.577799278731,
  "weather_partly_cloudy_n": 6,
  "weather_partly_cloudy_rmse": 6270.105489233528,
  "weather_partly_cloudy_mae": 5241.309553761629,
  "weather_partly_cloudy_smart_persistence_rmse": 6759.384097190529,
  "weather_partly_cloudy_smart_persistence_mae": 5759.543870149537,
  "hard_weather_n": 75,
  "hard_weather_rmse": 5902.078794983663,
  "hard_weather_mae": 4609.224602709794,
  "hard_weather_smart_persistence_rmse": 6566.094607512983,
  "hard_weather_smart_persistence_mae": 4858.901860435563,
  "stable_weather_n": 359,
  "stable_weather_rmse": 4837.9440756610275,
  "stable_weather_mae": 3076.9514045173623,
  "stable_weather_smart_persistence_rmse": 4842.444897817307,
  "stable_weather_smart_persistence_mae": 2988.8880767446576
}