{
  "mae": 4959.035981870823,
  "rmse": 6025.3435415358745,
  "bias": -2237.0986681765335,
  "n_samples": 15,
  "baseline_mae": 4801.367381915628,
  "baseline_rmse": 5475.324465150634,
  "smart_persistence_mae": 4801.367381915628,
  "smart_persistence_rmse": 5475.324465150634,
  "persistence_mae": 5078.865950520833,
  "persistence_rmse": 5807.646908899374,
  "coverage_80": 0.8,
  "pinball_q10_w": 925.5643324421525,
  "pinball_q90_w": 1085.784478706599,
  "mean_interval_width_w": 14037.08931248998,
  "scale_multiplier": 0.28357674181461334,
  "weather_cloudy_n": 8,
  "weather_cloudy_rmse": 5392.010331450272,
  "weather_cloudy_mae": 4602.667718511977,
  "weather_partly_cloudy_n": 7,
  "weather_partly_cloudy_rmse": 6675.983272545906,
  "weather_partly_cloudy_mae": 5366.313997138075
}