{
  "mae": 7815.225683890295,
  "rmse": 9783.877121967318,
  "bias": -3984.035753041797,
  "n_samples": 15,
  "baseline_mae": 6901.483018068034,
  "baseline_rmse": 8955.50594932446,
  "smart_persistence_mae": 6901.483018068034,
  "smart_persistence_rmse": 8955.50594932446,
  "persistence_mae": 6696.8890625,
  "persistence_rmse": 8892.289259079305,
  "coverage_80": 0.6,
  "pinball_q10_w": 1829.4581179923598,
  "pinball_q90_w": 2686.6110594570296,
  "mean_interval_width_w": 12341.58955760989,
  "scale_multiplier": 0.28357674181461334,
  "weather_cloudy_n": 14,
  "weather_cloudy_rmse": 9365.414273301814,
  "weather_cloudy_mae": 7343.521502306236,
  "weather_partly_cloudy_n": 1,
  "weather_partly_cloudy_rmse": 14419.08422606712,
  "weather_partly_cloudy_mae": 14419.08422606712
}