{
  "mae": 2517.797631171995,
  "rmse": 4359.503522389538,
  "bias": 466.4161181631481,
  "n_samples": 372,
  "baseline_mae": 2481.704541076114,
  "baseline_rmse": 4458.227906319658,
  "smart_persistence_mae": 2481.704541076114,
  "smart_persistence_rmse": 4458.227906319658,
  "persistence_mae": 2927.502691945722,
  "persistence_rmse": 4616.2593933305,
  "coverage_80": 0.9005376344086021,
  "pinball_q10_w": 612.3985816267954,
  "pinball_q90_w": 750.7927461226458,
  "mean_interval_width_w": 10736.798830436694,
  "scale_multiplier": 1.2727895826101303,
  "weather_clear_sky_n": 59,
  "weather_clear_sky_rmse": 1443.8154690026029,
  "weather_clear_sky_mae": 965.5393773850401,
  "weather_clear_sky_smart_persistence_rmse": 1372.4054351951054,
  "weather_clear_sky_smart_persistence_mae": 734.1587812992193,
  "weather_cloudy_n": 79,
  "weather_cloudy_rmse": 5695.412408728846,
  "weather_cloudy_mae": 3265.4415473795157,
  "weather_cloudy_smart_persistence_rmse": 5982.17175572876,
  "weather_cloudy_smart_persistence_mae": 3359.443863768336,
  "weather_overcast_n": 218,
  "weather_overcast_rmse": 4268.794209253177,
  "weather_overcast_mae": 2598.7452334116874,
  "weather_overcast_smart_persistence_rmse": 4261.106804488931,
  "weather_overcast_smart_persistence_mae": 2543.4821192256354,
  "weather_partly_cloudy_n": 16,
  "weather_partly_cloudy_rmse": 5073.592564793678,
  "weather_partly_cloudy_mae": 3447.3470252209518,
  "weather_partly_cloudy_smart_persistence_rmse": 5575.12946207253,
  "weather_partly_cloudy_smart_persistence_mae": 3750.2221221733394,
  "hard_weather_n": 95,
  "hard_weather_rmse": 5595.5259779588505,
  "hard_weather_mae": 3296.0782594370207,
  "hard_weather_smart_persistence_rmse": 5915.578924011606,
  "hard_weather_smart_persistence_mae": 3425.2591493944415,
  "stable_weather_n": 277,
  "stable_weather_rmse": 3845.1616443003445,
  "stable_weather_mae": 2250.8782821280333,
  "stable_weather_smart_persistence_rmse": 3832.861476178469,
  "stable_weather_smart_persistence_mae": 2158.102780100514
}