{
  "mae": 1964.5155155081618,
  "rmse": 3261.0830261248166,
  "bias": 222.8998114342345,
  "n_samples": 1821,
  "baseline_mae": 2026.6844830196044,
  "baseline_rmse": 3430.0750271654633,
  "smart_persistence_mae": 2026.6844830196044,
  "smart_persistence_rmse": 3430.0750271654633,
  "persistence_mae": 2499.6252857105605,
  "persistence_rmse": 3706.7763378669088,
  "coverage_80": 0.8846787479406919,
  "pinball_q10_w": 551.0381743629155,
  "pinball_q90_w": 589.7689263310286,
  "mean_interval_width_w": 8747.918702841993,
  "scale_multiplier": 1.2727895826101303,
  "weather_clear_sky_n": 518,
  "weather_clear_sky_rmse": 1135.695516429048,
  "weather_clear_sky_mae": 613.6315163653686,
  "weather_clear_sky_smart_persistence_rmse": 1167.8034588016608,
  "weather_clear_sky_smart_persistence_mae": 619.5934504710258,
  "weather_cloudy_n": 346,
  "weather_cloudy_rmse": 4653.200715582969,
  "weather_cloudy_mae": 3222.5775260354553,
  "weather_cloudy_smart_persistence_rmse": 4991.117642720206,
  "weather_cloudy_smart_persistence_mae": 3440.0190244566083,
  "weather_overcast_n": 823,
  "weather_overcast_rmse": 3166.576420323317,
  "weather_overcast_mae": 2023.2926776502193,
  "weather_overcast_smart_persistence_rmse": 3234.7612359389173,
  "weather_overcast_smart_persistence_mae": 2014.8601158061547,
  "weather_partly_cloudy_n": 134,
  "weather_partly_cloudy_rmse": 4694.807592998187,
  "weather_partly_cloudy_mae": 3577.1636608112244,
  "weather_partly_cloudy_smart_persistence_rmse": 5101.570387283185,
  "weather_partly_cloudy_smart_persistence_mae": 3889.30282436012,
  "hard_weather_n": 480,
  "hard_weather_rmse": 4664.853307838817,
  "hard_weather_mae": 3321.5661553270243,
  "hard_weather_smart_persistence_rmse": 5022.196788118028,
  "hard_weather_smart_persistence_mae": 3565.444085263006,
  "stable_weather_n": 1341,
  "stable_weather_rmse": 2579.1727850747634,
  "stable_weather_mae": 1478.7703200472718,
  "stable_weather_smart_persistence_rmse": 2636.014984978562,
  "stable_weather_smart_persistence_mae": 1475.8980482121226
}