{
  "mae": 3510.202491406847,
  "rmse": 5326.194066368746,
  "bias": 1055.0303151214512,
  "n_samples": 434,
  "baseline_mae": 3312.0471407465425,
  "baseline_rmse": 5181.455931818419,
  "smart_persistence_mae": 3312.0471407465425,
  "smart_persistence_rmse": 5181.455931818419,
  "persistence_mae": 3342.1805073698547,
  "persistence_rmse": 5231.9670109932085,
  "coverage_80": 0.8317972350230415,
  "pinball_q10_w": 725.1637461938266,
  "pinball_q90_w": 953.9209867847838,
  "mean_interval_width_w": 11408.512637164407,
  "scale_multiplier": 1.2727895826101303,
  "weather_clear_sky_n": 5,
  "weather_clear_sky_rmse": 3894.080064825367,
  "weather_clear_sky_mae": 3275.001205631392,
  "weather_clear_sky_smart_persistence_rmse": 4425.575285040552,
  "weather_clear_sky_smart_persistence_mae": 3931.2557213322625,
  "weather_cloudy_n": 69,
  "weather_cloudy_rmse": 6591.437700858407,
  "weather_cloudy_mae": 4906.297292968486,
  "weather_cloudy_smart_persistence_rmse": 6549.017228374547,
  "weather_cloudy_smart_persistence_mae": 4780.5851639386965,
  "weather_overcast_n": 354,
  "weather_overcast_rmse": 5026.364496732292,
  "weather_overcast_mae": 3198.617458924844,
  "weather_overcast_smart_persistence_rmse": 4848.076173925351,
  "weather_overcast_smart_persistence_mae": 2975.577799278731,
  "weather_partly_cloudy_n": 6,
  "weather_partly_cloudy_rmse": 7007.362432292876,
  "weather_partly_cloudy_mae": 6034.630261365732,
  "weather_partly_cloudy_smart_persistence_rmse": 6759.384097190529,
  "weather_partly_cloudy_smart_persistence_mae": 5759.543870149537,
  "hard_weather_n": 75,
  "hard_weather_rmse": 6625.672580784121,
  "hard_weather_mae": 4996.563930440266,
  "hard_weather_smart_persistence_rmse": 6566.094607512983,
  "hard_weather_smart_persistence_mae": 4858.901860435563,
  "stable_weather_n": 359,
  "stable_weather_rmse": 5012.351228524918,
  "stable_weather_mae": 3199.681299408222,
  "stable_weather_smart_persistence_rmse": 4842.444897817307,
  "stable_weather_smart_persistence_mae": 2988.8880767446576
}