{
  "mae": 3548.889208577337,
  "rmse": 5448.533429382781,
  "bias": 104.62072853832026,
  "n_samples": 102,
  "baseline_mae": 4159.343118106618,
  "baseline_rmse": 5967.940832316512,
  "coverage_80": 0.7254901960784313,
  "pinball_q10_w": 1141.6581045822131,
  "pinball_q90_w": 941.4427245214465,
  "mean_interval_width_w": 9686.421239522368
}