{
  "mae": 2313.5687916827123,
  "rmse": 3286.5231607160636,
  "bias": 259.2556489512834,
  "n_samples": 454,
  "baseline_mae": 3901.7554915507985,
  "baseline_rmse": 5280.0665703288305,
  "coverage_80": 0.8414096916299559,
  "pinball_q10_w": 486.72493920085805,
  "pinball_q90_w": 557.1874760727591,
  "mean_interval_width_w": 8040.848290824038
}