{
  "mae": 4701.09114372681,
  "rmse": 6056.181705600361,
  "bias": -217.24009237158617,
  "n_samples": 82,
  "baseline_mae": 4905.532595750762,
  "baseline_rmse": 6642.084449627605,
  "coverage_80": 0.5365853658536586,
  "pinball_q10_w": 1230.7256568916655,
  "pinball_q90_w": 1442.1425450487284,
  "mean_interval_width_w": 9506.263617252987
}