{
  "mae": 1882.7695008054375,
  "rmse": 3136.3366599584742,
  "bias": 187.23359625979296,
  "n_samples": 1821,
  "baseline_mae": 2026.6844830196044,
  "baseline_rmse": 3430.0750271654633,
  "smart_persistence_mae": 2026.6844830196044,
  "smart_persistence_rmse": 3430.0750271654633,
  "persistence_mae": 2499.6252857105605,
  "persistence_rmse": 3706.7763378669088,
  "coverage_80": 0.9154310818231741,
  "pinball_q10_w": 497.9516228871037,
  "pinball_q90_w": 534.6024194450489,
  "mean_interval_width_w": 8896.601457650846,
  "scale_multiplier": 1.391324207186699,
  "weather_clear_sky_n": 518,
  "weather_clear_sky_rmse": 1112.9527943568685,
  "weather_clear_sky_mae": 556.3100182097195,
  "weather_clear_sky_smart_persistence_rmse": 1167.8034588016608,
  "weather_clear_sky_smart_persistence_mae": 619.5934504710258,
  "weather_cloudy_n": 346,
  "weather_cloudy_rmse": 4489.876460762168,
  "weather_cloudy_mae": 3149.7071346122534,
  "weather_cloudy_smart_persistence_rmse": 4991.117642720206,
  "weather_cloudy_smart_persistence_mae": 3440.0190244566083,
  "weather_overcast_n": 823,
  "weather_overcast_rmse": 3065.747758606221,
  "weather_overcast_mae": 1940.0082092528346,
  "weather_overcast_smart_persistence_rmse": 3234.7612359389173,
  "weather_overcast_smart_persistence_mae": 2014.8601158061547,
  "weather_partly_cloudy_n": 134,
  "weather_partly_cloudy_rmse": 4371.382325281413,
  "weather_partly_cloudy_mae": 3387.531692113011,
  "weather_partly_cloudy_smart_persistence_rmse": 5101.570387283185,
  "weather_partly_cloudy_smart_persistence_mae": 3889.30282436012,
  "hard_weather_n": 480,
  "hard_weather_rmse": 4457.113822099555,
  "hard_weather_mae": 3216.099823581215,
  "hard_weather_smart_persistence_rmse": 5022.196788118028,
  "hard_weather_smart_persistence_mae": 3565.444085263006,
  "stable_weather_n": 1341,
  "stable_weather_rmse": 2499.3433860614427,
  "stable_weather_mae": 1405.514799140729,
  "stable_weather_smart_persistence_rmse": 2636.014984978562,
  "stable_weather_smart_persistence_mae": 1475.8980482121226
}