{
  "mae": 2543.4162938917634,
  "rmse": 4353.124033416703,
  "bias": 139.0845872013091,
  "n_samples": 372,
  "baseline_mae": 2481.704541076114,
  "baseline_rmse": 4458.227906319658,
  "smart_persistence_mae": 2481.704541076114,
  "smart_persistence_rmse": 4458.227906319658,
  "persistence_mae": 2927.502691945722,
  "persistence_rmse": 4616.2593933305,
  "coverage_80": 0.9005376344086021,
  "pinball_q10_w": 640.0016455808646,
  "pinball_q90_w": 658.3544594725344,
  "mean_interval_width_w": 10624.495922978716,
  "scale_multiplier": 1.391324207186699,
  "weather_clear_sky_n": 59,
  "weather_clear_sky_rmse": 1321.7529152222867,
  "weather_clear_sky_mae": 747.2856090737515,
  "weather_clear_sky_smart_persistence_rmse": 1372.4054351951054,
  "weather_clear_sky_smart_persistence_mae": 734.1587812992193,
  "weather_cloudy_n": 79,
  "weather_cloudy_rmse": 5592.285232785219,
  "weather_cloudy_mae": 3436.329812200254,
  "weather_cloudy_smart_persistence_rmse": 5982.17175572876,
  "weather_cloudy_smart_persistence_mae": 3359.443863768336,
  "weather_overcast_n": 218,
  "weather_overcast_rmse": 4315.248742606841,
  "weather_overcast_mae": 2632.229194238057,
  "weather_overcast_smart_persistence_rmse": 4261.106804488931,
  "weather_overcast_smart_persistence_mae": 2543.4821192256354,
  "weather_partly_cloudy_n": 16,
  "weather_partly_cloudy_rmse": 5099.82676289545,
  "weather_partly_cloudy_mae": 3547.811930291762,
  "weather_partly_cloudy_smart_persistence_rmse": 5575.12946207253,
  "weather_partly_cloudy_smart_persistence_mae": 3750.2221221733394,
  "hard_weather_n": 95,
  "hard_weather_rmse": 5512.4265399531605,
  "hard_weather_mae": 3455.1057478788234,
  "hard_weather_smart_persistence_rmse": 5915.578924011606,
  "hard_weather_smart_persistence_mae": 3425.2591493944415,
  "stable_weather_n": 277,
  "stable_weather_rmse": 3876.4930037589747,
  "stable_weather_mae": 2230.7430154485482,
  "stable_weather_smart_persistence_rmse": 3832.861476178469,
  "stable_weather_smart_persistence_mae": 2158.102780100514
}