{
  "mae": 3478.650559377898,
  "rmse": 5227.15982759974,
  "bias": 1103.9912515088506,
  "n_samples": 434,
  "baseline_mae": 3312.0471407465425,
  "baseline_rmse": 5181.455931818419,
  "smart_persistence_mae": 3312.0471407465425,
  "smart_persistence_rmse": 5181.455931818419,
  "persistence_mae": 3342.1805073698547,
  "persistence_rmse": 5231.9670109932085,
  "coverage_80": 0.9354838709677419,
  "pinball_q10_w": 765.1368781909669,
  "pinball_q90_w": 1056.5734406433405,
  "mean_interval_width_w": 15748.42644781312,
  "scale_multiplier": 1.391324207186699,
  "weather_clear_sky_n": 5,
  "weather_clear_sky_rmse": 3776.9184617055926,
  "weather_clear_sky_mae": 3430.603498939797,
  "weather_clear_sky_smart_persistence_rmse": 4425.575285040552,
  "weather_clear_sky_smart_persistence_mae": 3931.2557213322625,
  "weather_cloudy_n": 69,
  "weather_cloudy_rmse": 6048.699675434135,
  "weather_cloudy_mae": 4534.442377234684,
  "weather_cloudy_smart_persistence_rmse": 6549.017228374547,
  "weather_cloudy_smart_persistence_mae": 4780.5851639386965,
  "weather_overcast_n": 354,
  "weather_overcast_rmse": 5049.853162547248,
  "weather_overcast_mae": 3245.5796637341755,
  "weather_overcast_smart_persistence_rmse": 4848.076173925351,
  "weather_overcast_smart_persistence_mae": 2975.577799278731,
  "weather_partly_cloudy_n": 6,
  "weather_partly_cloudy_rmse": 6259.60854255436,
  "weather_partly_cloudy_mae": 5128.266714036251,
  "weather_partly_cloudy_smart_persistence_rmse": 6759.384097190529,
  "weather_partly_cloudy_smart_persistence_mae": 5759.543870149537,
  "hard_weather_n": 75,
  "hard_weather_rmse": 6065.842255696303,
  "hard_weather_mae": 4581.948324178808,
  "hard_weather_smart_persistence_rmse": 6566.094607512983,
  "hard_weather_smart_persistence_mae": 4858.901860435563,
  "stable_weather_n": 359,
  "stable_weather_rmse": 5034.334916458691,
  "stable_weather_mae": 3248.156597372136,
  "stable_weather_smart_persistence_rmse": 4842.444897817307,
  "stable_weather_smart_persistence_mae": 2988.8880767446576
}