{
  "mae": 1824.1938848210305,
  "rmse": 2589.9695494896764,
  "bias": -826.0194884209582,
  "n_samples": 26,
  "smart_persistence_mae": 1762.5119128570043,
  "smart_persistence_rmse": 2483.5011991720685,
  "coverage_80": 0.9615384615384616,
  "pinball_q10_w": 655.2343708902525,
  "pinball_q90_w": 591.0231965656742,
  "mean_interval_width_w": 11980.06932394233,
  "scale_multiplier": 0.2802734375,
  "gate_sun_mean": 0.5241702795028687,
  "weather_overcast_n": 26,
  "weather_overcast_rmse": 2589.9695494896764,
  "weather_overcast_mae": 1824.1938848210305,
  "weather_overcast_smart_persistence_rmse": 2483.5011991720685,
  "weather_overcast_smart_persistence_mae": 1762.5119128570043,
  "stable_weather_n": 26,
  "stable_weather_rmse": 2589.9695494896764,
  "stable_weather_mae": 1824.1938848210305,
  "stable_weather_smart_persistence_rmse": 2483.5011991720685,
  "stable_weather_smart_persistence_mae": 1762.5119128570043
}