{
  "mae": 1111.346467860596,
  "rmse": 1297.297794727479,
  "bias": -874.9486757638806,
  "n_samples": 26,
  "smart_persistence_mae": 356.2642187251288,
  "smart_persistence_rmse": 435.7332082480739,
  "coverage_80": 1.0,
  "pinball_q10_w": 583.6599362805588,
  "pinball_q90_w": 408.6702011277825,
  "mean_interval_width_w": 9923.301374083412,
  "scale_multiplier": 0.2802734375,
  "gate_sun_mean": 0.5310254693031311,
  "weather_clear_sky_n": 26,
  "weather_clear_sky_rmse": 1297.297794727479,
  "weather_clear_sky_mae": 1111.346467860596,
  "weather_clear_sky_smart_persistence_rmse": 435.7332082480739,
  "weather_clear_sky_smart_persistence_mae": 356.2642187251288,
  "stable_weather_n": 26,
  "stable_weather_rmse": 1297.297794727479,
  "stable_weather_mae": 1111.346467860596,
  "stable_weather_smart_persistence_rmse": 435.7332082480739,
  "stable_weather_smart_persistence_mae": 356.2642187251288
}