{
  "mae": 1413.2581197540253,
  "rmse": 1955.612611323609,
  "bias": -364.348606038814,
  "n_samples": 26,
  "smart_persistence_mae": 1238.3359197804743,
  "smart_persistence_rmse": 1739.7873891813956,
  "coverage_80": 1.0,
  "pinball_q10_w": 567.6568111643852,
  "pinball_q90_w": 610.9461853327831,
  "mean_interval_width_w": 11786.029964971685,
  "scale_multiplier": 0.2802734375,
  "gate_sun_mean": 0.527167797088623,
  "weather_overcast_n": 26,
  "weather_overcast_rmse": 1955.612611323609,
  "weather_overcast_mae": 1413.2581197540253,
  "weather_overcast_smart_persistence_rmse": 1739.7873891813956,
  "weather_overcast_smart_persistence_mae": 1238.3359197804743,
  "stable_weather_n": 26,
  "stable_weather_rmse": 1955.612611323609,
  "stable_weather_mae": 1413.2581197540253,
  "stable_weather_smart_persistence_rmse": 1739.7873891813956,
  "stable_weather_smart_persistence_mae": 1238.3359197804743
}