{
  "mae": 2520.767240677967,
  "rmse": 4454.842098653361,
  "bias": 148.01560744256693,
  "n_samples": 372,
  "baseline_mae": 2481.704541076114,
  "baseline_rmse": 4458.227906319658,
  "smart_persistence_mae": 2481.704541076114,
  "smart_persistence_rmse": 4458.227906319658,
  "persistence_mae": 2927.502691945722,
  "persistence_rmse": 4616.2593933305,
  "coverage_80": 0.9005376344086021,
  "pinball_q10_w": 651.915853537839,
  "pinball_q90_w": 687.3379684771546,
  "mean_interval_width_w": 11119.625996570172,
  "scale_multiplier": 1.5290804505348206,
  "weather_clear_sky_n": 59,
  "weather_clear_sky_rmse": 1272.3880588527952,
  "weather_clear_sky_mae": 575.3164681460298,
  "weather_clear_sky_smart_persistence_rmse": 1372.4054351951054,
  "weather_clear_sky_smart_persistence_mae": 734.1587812992193,
  "weather_cloudy_n": 79,
  "weather_cloudy_rmse": 5675.89816992768,
  "weather_cloudy_mae": 3274.974884054126,
  "weather_cloudy_smart_persistence_rmse": 5982.17175572876,
  "weather_cloudy_smart_persistence_mae": 3359.443863768336,
  "weather_overcast_n": 218,
  "weather_overcast_rmse": 4448.780686550443,
  "weather_overcast_mae": 2722.27337734019,
  "weather_overcast_smart_persistence_rmse": 4261.106804488931,
  "weather_overcast_smart_persistence_mae": 2543.4821192256354,
  "weather_partly_cloudy_n": 16,
  "weather_partly_cloudy_rmse": 5168.542082820787,
  "weather_partly_cloudy_mae": 3225.1956131969055,
  "weather_partly_cloudy_smart_persistence_rmse": 5575.12946207253,
  "weather_partly_cloudy_smart_persistence_mae": 3750.2221221733394,
  "hard_weather_n": 95,
  "hard_weather_rmse": 5593.672194623525,
  "hard_weather_mae": 3266.5910068571206,
  "hard_weather_smart_persistence_rmse": 5915.578924011606,
  "hard_weather_smart_persistence_mae": 3425.2591493944415,
  "stable_weather_n": 277,
  "stable_weather_rmse": 3990.1046027011494,
  "stable_weather_mae": 2264.9793064287987,
  "stable_weather_smart_persistence_rmse": 3832.861476178469,
  "stable_weather_smart_persistence_mae": 2158.102780100514
}