{
  "mae": 1786.8949180488073,
  "rmse": 3001.7250273411432,
  "bias": 115.1792480300799,
  "n_samples": 1821,
  "baseline_mae": 2026.6844830196044,
  "baseline_rmse": 3430.0750271654633,
  "smart_persistence_mae": 2026.6844830196044,
  "smart_persistence_rmse": 3430.0750271654633,
  "persistence_mae": 2499.6252857105605,
  "persistence_rmse": 3706.7763378669088,
  "coverage_80": 0.9384953322350357,
  "pinball_q10_w": 494.2688787983199,
  "pinball_q90_w": 539.8818746642429,
  "mean_interval_width_w": 9387.714260685774,
  "scale_multiplier": 1.5290804505348206,
  "weather_clear_sky_n": 518,
  "weather_clear_sky_rmse": 1126.9918578635172,
  "weather_clear_sky_mae": 576.8469508233591,
  "weather_clear_sky_smart_persistence_rmse": 1167.8034588016608,
  "weather_clear_sky_smart_persistence_mae": 619.5934504710258,
  "weather_cloudy_n": 346,
  "weather_cloudy_rmse": 4103.531674474172,
  "weather_cloudy_mae": 2810.466042251395,
  "weather_cloudy_smart_persistence_rmse": 4991.117642720206,
  "weather_cloudy_smart_persistence_mae": 3440.0190244566083,
  "weather_overcast_n": 823,
  "weather_overcast_rmse": 3070.8695464672032,
  "weather_overcast_mae": 1915.3500857717843,
  "weather_overcast_smart_persistence_rmse": 3234.7612359389173,
  "weather_overcast_smart_persistence_mae": 2014.8601158061547,
  "weather_partly_cloudy_n": 134,
  "weather_partly_cloudy_rmse": 4017.279875134221,
  "weather_partly_cloudy_mae": 3032.6459256060953,
  "weather_partly_cloudy_smart_persistence_rmse": 5101.570387283185,
  "weather_partly_cloudy_smart_persistence_mae": 3889.30282436012,
  "hard_weather_n": 480,
  "hard_weather_rmse": 4079.6365289825094,
  "hard_weather_mae": 2872.4912596879153,
  "hard_weather_smart_persistence_rmse": 5022.196788118028,
  "hard_weather_smart_persistence_mae": 3565.444085263006,
  "stable_weather_n": 1341,
  "stable_weather_rmse": 2505.624492908844,
  "stable_weather_mae": 1398.3145720482314,
  "stable_weather_smart_persistence_rmse": 2636.014984978562,
  "stable_weather_smart_persistence_mae": 1475.8980482121226
}