{
  "mae": 3580.6073098124975,
  "rmse": 5354.217125177576,
  "bias": 1234.7449373907505,
  "n_samples": 434,
  "baseline_mae": 3312.0471407465425,
  "baseline_rmse": 5181.455931818419,
  "smart_persistence_mae": 3312.0471407465425,
  "smart_persistence_rmse": 5181.455931818419,
  "persistence_mae": 3342.1805073698547,
  "persistence_rmse": 5231.9670109932085,
  "coverage_80": 0.9354838709677419,
  "pinball_q10_w": 796.2506587380553,
  "pinball_q90_w": 1160.0181174477375,
  "mean_interval_width_w": 16966.58631122373,
  "scale_multiplier": 1.5290804505348206,
  "weather_clear_sky_n": 5,
  "weather_clear_sky_rmse": 3642.0300090877354,
  "weather_clear_sky_mae": 3370.3800910687073,
  "weather_clear_sky_smart_persistence_rmse": 4425.575285040552,
  "weather_clear_sky_smart_persistence_mae": 3931.2557213322625,
  "weather_cloudy_n": 69,
  "weather_cloudy_rmse": 6106.897133800755,
  "weather_cloudy_mae": 4463.128851096582,
  "weather_cloudy_smart_persistence_rmse": 6549.017228374547,
  "weather_cloudy_smart_persistence_mae": 4780.5851639386965,
  "weather_overcast_n": 354,
  "weather_overcast_rmse": 5188.270181448928,
  "weather_overcast_mae": 3376.518596234409,
  "weather_overcast_smart_persistence_rmse": 4848.076173925351,
  "weather_overcast_smart_persistence_mae": 2975.577799278731,
  "weather_partly_cloudy_n": 6,
  "weather_partly_cloudy_rmse": 6746.7374249342465,
  "weather_partly_cloudy_mae": 5648.03303510588,
  "weather_partly_cloudy_smart_persistence_rmse": 6759.384097190529,
  "weather_partly_cloudy_smart_persistence_mae": 5759.543870149537,
  "hard_weather_n": 75,
  "hard_weather_rmse": 6160.530372060399,
  "hard_weather_mae": 4557.921185817327,
  "hard_weather_smart_persistence_rmse": 6566.094607512983,
  "hard_weather_smart_persistence_mae": 4858.901860435563,
  "stable_weather_n": 359,
  "stable_weather_rmse": 5169.911374416846,
  "stable_weather_mae": 3376.433101733494,
  "stable_weather_smart_persistence_rmse": 4842.444897817307,
  "stable_weather_smart_persistence_mae": 2988.8880767446576
}