{
  "mae": 1315.4454408227389,
  "rmse": 1597.4805281016952,
  "bias": -450.9229610131976,
  "n_samples": 15,
  "baseline_mae": 2667.933138020833,
  "baseline_rmse": 3149.147976493152,
  "coverage_80": 1.0,
  "pinball_q10_w": 1060.9899461442158,
  "pinball_q90_w": 970.8053539415761,
  "mean_interval_width_w": 20317.95300085792
}