{
  "mae": 6878.132743397565,
  "rmse": 8623.805752380133,
  "bias": -1557.0865882654286,
  "n_samples": 15,
  "baseline_mae": 6696.8890625,
  "baseline_rmse": 8892.289259079305,
  "coverage_80": 0.8,
  "pinball_q10_w": 1965.892496789401,
  "pinball_q90_w": 1705.77265706133,
  "mean_interval_width_w": 26785.48239236468
}