{
  "mae": 4805.997874257504,
  "rmse": 5466.057180001271,
  "bias": 160.5351003643979,
  "n_samples": 15,
  "baseline_mae": 5078.865950520833,
  "baseline_rmse": 5807.646908899374,
  "coverage_80": 1.0,
  "pinball_q10_w": 1495.906935459346,
  "pinball_q90_w": 1528.0139555322255,
  "mean_interval_width_w": 30239.20890991572
}