{
  "mae": 3409.340347559658,
  "rmse": 5182.310204082482,
  "bias": 874.8083084214998,
  "n_samples": 434,
  "baseline_mae": 3312.0471407465425,
  "baseline_rmse": 5181.455931818419,
  "smart_persistence_mae": 3312.0471407465425,
  "smart_persistence_rmse": 5181.455931818419,
  "persistence_mae": 3342.1805073698547,
  "persistence_rmse": 5231.9670109932085,
  "coverage_80": 0.9078341013824884,
  "pinball_q10_w": 873.0060147290762,
  "pinball_q90_w": 1165.4532486347205,
  "mean_interval_width_w": 16756.33175828288,
  "scale_multiplier": 1.9076042026281357,
  "weather_clear_sky_n": 5,
  "weather_clear_sky_rmse": 4456.002302261217,
  "weather_clear_sky_mae": 4092.8209206158294,
  "weather_cloudy_n": 69,
  "weather_cloudy_rmse": 6232.059184413034,
  "weather_cloudy_mae": 4468.585957807567,
  "weather_overcast_n": 354,
  "weather_overcast_rmse": 4935.315838371002,
  "weather_overcast_mae": 3156.4684427927227,
  "weather_partly_cloudy_n": 6,
  "weather_partly_cloudy_rmse": 6506.552999904725,
  "weather_partly_cloudy_mae": 5577.8910667444
}