{
  "mae": 2487.633641579059,
  "rmse": 4371.446895947926,
  "bias": 96.3110876592002,
  "n_samples": 372,
  "baseline_mae": 2481.704541076114,
  "baseline_rmse": 4458.227906319658,
  "smart_persistence_mae": 2481.704541076114,
  "smart_persistence_rmse": 4458.227906319658,
  "persistence_mae": 2927.502691945722,
  "persistence_rmse": 4616.2593933305,
  "coverage_80": 0.9005376344086021,
  "pinball_q10_w": 705.1211479641145,
  "pinball_q90_w": 710.8491005738142,
  "mean_interval_width_w": 11325.053297397235,
  "scale_multiplier": 1.9076042026281357,
  "weather_clear_sky_n": 59,
  "weather_clear_sky_rmse": 1262.6410548198055,
  "weather_clear_sky_mae": 579.9230301691874,
  "weather_cloudy_n": 79,
  "weather_cloudy_rmse": 5716.35835154271,
  "weather_cloudy_mae": 3393.540193404171,
  "weather_overcast_n": 218,
  "weather_overcast_rmse": 4279.880613898663,
  "weather_overcast_mae": 2603.675487439846,
  "weather_partly_cloudy_n": 16,
  "weather_partly_cloudy_rmse": 5244.273475234319,
  "weather_partly_cloudy_mae": 3468.3327716632484
}