{
  "mae": 1765.272402053097,
  "rmse": 3005.9823592937287,
  "bias": 25.48749756888843,
  "n_samples": 1821,
  "baseline_mae": 2026.6844830196044,
  "baseline_rmse": 3430.0750271654633,
  "smart_persistence_mae": 2026.6844830196044,
  "smart_persistence_rmse": 3430.0750271654633,
  "persistence_mae": 2499.6252857105605,
  "persistence_rmse": 3706.7763378669088,
  "coverage_80": 0.9577155409115871,
  "pinball_q10_w": 511.095102365736,
  "pinball_q90_w": 518.6959955611156,
  "mean_interval_width_w": 9630.707410983554,
  "scale_multiplier": 1.9076042026281357,
  "weather_clear_sky_n": 518,
  "weather_clear_sky_rmse": 1027.7619072817934,
  "weather_clear_sky_mae": 511.27895729164936,
  "weather_cloudy_n": 346,
  "weather_cloudy_rmse": 4239.745689674781,
  "weather_cloudy_mae": 2859.491592461007,
  "weather_overcast_n": 823,
  "weather_overcast_rmse": 2949.7082041408726,
  "weather_overcast_mae": 1848.3751923247128,
  "weather_partly_cloudy_n": 134,
  "weather_partly_cloudy_rmse": 4342.624305914935,
  "weather_partly_cloudy_mae": 3277.0273879617057
}