mae_W,rmse_W,mae_norm_peak,rmse_norm_peak
5595.04150390625,7226.28857421875,0.08438976627309577,0.1089937944829374
