mae_W,rmse_W,mae_norm_peak,rmse_norm_peak
5825.22021484375,7799.2470703125,0.08786154170201735,0.11763570241798643
