{
  "mae": 3872.4462444111978,
  "rmse": 5558.815008290225,
  "bias": -588.2685129531344,
  "n_samples": 102,
  "baseline_mae": 3502.3078219864046,
  "baseline_rmse": 5759.75695075113,
  "smart_persistence_mae": 3502.3078219864046,
  "smart_persistence_rmse": 5759.75695075113,
  "persistence_mae": 4159.343118106618,
  "persistence_rmse": 5967.940832316512,
  "coverage_80": 0.803921568627451,
  "pinball_q10_w": 1039.4077932488817,
  "pinball_q90_w": 889.1963669026715,
  "mean_interval_width_w": 12375.566018221676,
  "scale_multiplier": 1.0426563024520874,
  "weather_cloudy_n": 79,
  "weather_cloudy_rmse": 5614.118701738502,
  "weather_cloudy_mae": 3799.2225459547026,
  "weather_partly_cloudy_n": 23,
  "weather_partly_cloudy_rmse": 5364.518306721534,
  "weather_partly_cloudy_mae": 4123.953730413943
}