{
  "mae": 2594.233259558173,
  "rmse": 4383.88956185525,
  "bias": 313.3151494547535,
  "n_samples": 372,
  "baseline_mae": 2481.704541076114,
  "baseline_rmse": 4458.227906319658,
  "smart_persistence_mae": 2481.704541076114,
  "smart_persistence_rmse": 4458.227906319658,
  "persistence_mae": 2927.502691945722,
  "persistence_rmse": 4616.2593933305,
  "coverage_80": 0.9005376344086021,
  "pinball_q10_w": 642.9357483163711,
  "pinball_q90_w": 685.8075563683562,
  "mean_interval_width_w": 10952.795651969485,
  "scale_multiplier": 1.4668807685375214,
  "weather_clear_sky_n": 59,
  "weather_clear_sky_rmse": 1288.8854370341712,
  "weather_clear_sky_mae": 616.9136529488102,
  "weather_clear_sky_smart_persistence_rmse": 1372.4054351951054,
  "weather_clear_sky_smart_persistence_mae": 734.1587812992193,
  "weather_cloudy_n": 79,
  "weather_cloudy_rmse": 5644.725437403046,
  "weather_cloudy_mae": 3628.3331806360275,
  "weather_cloudy_smart_persistence_rmse": 5982.17175572876,
  "weather_cloudy_smart_persistence_mae": 3359.443863768336,
  "weather_overcast_n": 218,
  "weather_overcast_rmse": 4391.904882291111,
  "weather_overcast_mae": 2735.2147349938186,
  "weather_overcast_smart_persistence_rmse": 4261.106804488931,
  "weather_overcast_smart_persistence_mae": 2543.4821192256354,
  "weather_partly_cloudy_n": 16,
  "weather_partly_cloudy_rmse": 4535.4809461368,
  "weather_partly_cloudy_mae": 2858.85834579762,
  "weather_partly_cloudy_smart_persistence_rmse": 5575.12946207253,
  "weather_partly_cloudy_smart_persistence_mae": 3750.2221221733394,
  "hard_weather_n": 95,
  "hard_weather_rmse": 5473.669503737493,
  "hard_weather_mae": 3498.7374189790326,
  "hard_weather_smart_persistence_rmse": 5915.578924011606,
  "hard_weather_smart_persistence_mae": 3425.2591493944415,
  "stable_weather_n": 277,
  "stable_weather_rmse": 3941.3465631507543,
  "stable_weather_mae": 2284.024251814557,
  "stable_weather_smart_persistence_rmse": 3832.861476178469,
  "stable_weather_smart_persistence_mae": 2158.102780100514
}