{
  "mae": 3618.7137420801337,
  "rmse": 5265.978842050882,
  "bias": 1336.208650831329,
  "n_samples": 434,
  "baseline_mae": 3312.0471407465425,
  "baseline_rmse": 5181.455931818419,
  "smart_persistence_mae": 3312.0471407465425,
  "smart_persistence_rmse": 5181.455931818419,
  "persistence_mae": 3342.1805073698547,
  "persistence_rmse": 5231.9670109932085,
  "coverage_80": 0.9516129032258065,
  "pinball_q10_w": 758.9492677059029,
  "pinball_q90_w": 1148.7127106443106,
  "mean_interval_width_w": 17413.602892684918,
  "scale_multiplier": 1.4668807685375214,
  "weather_clear_sky_n": 5,
  "weather_clear_sky_rmse": 4252.207686338398,
  "weather_clear_sky_mae": 3794.0625881493556,
  "weather_clear_sky_smart_persistence_rmse": 4425.575285040552,
  "weather_clear_sky_smart_persistence_mae": 3931.2557213322625,
  "weather_cloudy_n": 69,
  "weather_cloudy_rmse": 5834.82730880437,
  "weather_cloudy_mae": 4576.551286846353,
  "weather_cloudy_smart_persistence_rmse": 6549.017228374547,
  "weather_cloudy_smart_persistence_mae": 4780.5851639386965,
  "weather_overcast_n": 354,
  "weather_overcast_rmse": 5143.905897383308,
  "weather_overcast_mae": 3403.853942582397,
  "weather_overcast_smart_persistence_rmse": 4848.076173925351,
  "weather_overcast_smart_persistence_mae": 2975.577799278731,
  "weather_partly_cloudy_n": 6,
  "weather_partly_cloudy_rmse": 6174.783959672753,
  "weather_partly_cloudy_mae": 5134.186109244067,
  "weather_partly_cloudy_smart_persistence_rmse": 6759.384097190529,
  "weather_partly_cloudy_smart_persistence_mae": 5759.543870149537,
  "hard_weather_n": 75,
  "hard_weather_rmse": 5862.749312530279,
  "hard_weather_mae": 4621.16207263817,
  "hard_weather_smart_persistence_rmse": 6566.094607512983,
  "hard_weather_smart_persistence_mae": 4858.901860435563,
  "stable_weather_n": 359,
  "stable_weather_rmse": 5132.550605009351,
  "stable_weather_mae": 3409.288603384165,
  "stable_weather_smart_persistence_rmse": 4842.444897817307,
  "stable_weather_smart_persistence_mae": 2988.8880767446576
}