{
  "mae": 1779.7737545352725,
  "rmse": 2964.5278022494667,
  "bias": 272.77750557254274,
  "n_samples": 1821,
  "baseline_mae": 2026.6844830196044,
  "baseline_rmse": 3430.0750271654633,
  "smart_persistence_mae": 2026.6844830196044,
  "smart_persistence_rmse": 3430.0750271654633,
  "persistence_mae": 2499.6252857105605,
  "persistence_rmse": 3706.7763378669088,
  "coverage_80": 0.9357495881383855,
  "pinball_q10_w": 480.91107462464646,
  "pinball_q90_w": 539.5628764732878,
  "mean_interval_width_w": 9299.110153483645,
  "scale_multiplier": 1.4668807685375214,
  "weather_clear_sky_n": 518,
  "weather_clear_sky_rmse": 1107.3339543600553,
  "weather_clear_sky_mae": 542.6107067562169,
  "weather_clear_sky_smart_persistence_rmse": 1167.8034588016608,
  "weather_clear_sky_smart_persistence_mae": 619.5934504710258,
  "weather_cloudy_n": 346,
  "weather_cloudy_rmse": 4134.931618911216,
  "weather_cloudy_mae": 2874.4312523560307,
  "weather_cloudy_smart_persistence_rmse": 4991.117642720206,
  "weather_cloudy_smart_persistence_mae": 3440.0190244566083,
  "weather_overcast_n": 823,
  "weather_overcast_rmse": 2998.8218702234667,
  "weather_overcast_mae": 1912.4969291394834,
  "weather_overcast_smart_persistence_rmse": 3234.7612359389173,
  "weather_overcast_smart_persistence_mae": 2014.8601158061547,
  "weather_partly_cloudy_n": 134,
  "weather_partly_cloudy_rmse": 3912.8402587981354,
  "weather_partly_cloudy_mae": 2920.578170985294,
  "weather_partly_cloudy_smart_persistence_rmse": 5101.570387283185,
  "weather_partly_cloudy_smart_persistence_mae": 3889.30282436012,
  "hard_weather_n": 480,
  "hard_weather_rmse": 4074.149429630372,
  "hard_weather_mae": 2887.3139338066994,
  "hard_weather_smart_persistence_rmse": 5022.196788118028,
  "hard_weather_smart_persistence_mae": 3565.444085263006,
  "stable_weather_n": 1341,
  "stable_weather_rmse": 2448.0202738853036,
  "stable_weather_mae": 1383.3387910376698,
  "stable_weather_smart_persistence_rmse": 2636.014984978562,
  "stable_weather_smart_persistence_mae": 1475.8980482121226
}