{
  "mae": 1859.0663350275702,
  "rmse": 3143.5935687131378,
  "bias": 114.19749110009974,
  "n_samples": 1821,
  "baseline_mae": 2026.6844830196044,
  "baseline_rmse": 3430.0750271654633,
  "smart_persistence_mae": 2026.6844830196044,
  "smart_persistence_rmse": 3430.0750271654633,
  "persistence_mae": 2499.6252857105605,
  "persistence_rmse": 3706.7763378669088,
  "coverage_80": 0.942888522789676,
  "pinball_q10_w": 557.258921067903,
  "pinball_q90_w": 612.8159155723359,
  "mean_interval_width_w": 10548.013874476419,
  "scale_multiplier": 1.774921864271164,
  "weather_clear_sky_n": 518,
  "weather_clear_sky_rmse": 1086.3008485420166,
  "weather_clear_sky_mae": 509.05569709043914,
  "weather_clear_sky_smart_persistence_rmse": 1167.8034588016608,
  "weather_clear_sky_smart_persistence_mae": 619.5934504710258,
  "weather_cloudy_n": 346,
  "weather_cloudy_rmse": 4519.338897680504,
  "weather_cloudy_mae": 3156.5613597975257,
  "weather_cloudy_smart_persistence_rmse": 4991.117642720206,
  "weather_cloudy_smart_persistence_mae": 3440.0190244566083,
  "weather_overcast_n": 823,
  "weather_overcast_rmse": 3112.3313111596403,
  "weather_overcast_mae": 1962.94664199057,
  "weather_overcast_smart_persistence_rmse": 3234.7612359389173,
  "weather_overcast_smart_persistence_mae": 2014.8601158061547,
  "weather_partly_cloudy_n": 134,
  "weather_partly_cloudy_rmse": 4183.529765864654,
  "weather_partly_cloudy_mae": 3089.504687643096,
  "weather_partly_cloudy_smart_persistence_rmse": 5101.570387283185,
  "weather_partly_cloudy_smart_persistence_mae": 3889.30282436012,
  "hard_weather_n": 480,
  "hard_weather_rmse": 4428.155227112496,
  "hard_weather_mae": 3137.841372154414,
  "hard_weather_smart_persistence_rmse": 5022.196788118028,
  "hard_weather_smart_persistence_mae": 3565.444085263006,
  "stable_weather_n": 1341,
  "stable_weather_rmse": 2529.961041854135,
  "stable_weather_mae": 1401.3392523870891,
  "stable_weather_smart_persistence_rmse": 2636.014984978562,
  "stable_weather_smart_persistence_mae": 1475.8980482121226
}