{
  "mae": 3431.1152429349927,
  "rmse": 5265.085176796149,
  "bias": 655.2837895667427,
  "n_samples": 434,
  "baseline_mae": 3312.0471407465425,
  "baseline_rmse": 5181.455931818419,
  "smart_persistence_mae": 3312.0471407465425,
  "smart_persistence_rmse": 5181.455931818419,
  "persistence_mae": 3342.1805073698547,
  "persistence_rmse": 5231.9670109932085,
  "coverage_80": 0.8571428571428571,
  "pinball_q10_w": 732.9132968961818,
  "pinball_q90_w": 967.7567779988899,
  "mean_interval_width_w": 12273.774281230304,
  "scale_multiplier": 1.774921864271164,
  "weather_clear_sky_n": 5,
  "weather_clear_sky_rmse": 4412.248223443796,
  "weather_clear_sky_mae": 3944.2295349807478,
  "weather_clear_sky_smart_persistence_rmse": 4425.575285040552,
  "weather_clear_sky_smart_persistence_mae": 3931.2557213322625,
  "weather_cloudy_n": 69,
  "weather_cloudy_rmse": 6390.361957826179,
  "weather_cloudy_mae": 4774.408339505273,
  "weather_cloudy_smart_persistence_rmse": 6549.017228374547,
  "weather_cloudy_smart_persistence_mae": 4780.5851639386965,
  "weather_overcast_n": 354,
  "weather_overcast_rmse": 4976.96578684601,
  "weather_overcast_mae": 3106.639811192318,
  "weather_overcast_smart_persistence_rmse": 4848.076173925351,
  "weather_overcast_smart_persistence_mae": 2975.577799278731,
  "weather_partly_cloudy_n": 6,
  "weather_partly_cloudy_rmse": 7607.52304430482,
  "weather_partly_cloudy_mae": 6699.699861823096,
  "weather_partly_cloudy_smart_persistence_rmse": 6759.384097190529,
  "weather_partly_cloudy_smart_persistence_mae": 5759.543870149537,
  "hard_weather_n": 75,
  "hard_weather_rmse": 6496.132728434647,
  "hard_weather_mae": 4928.431661290699,
  "hard_weather_smart_persistence_rmse": 6566.094607512983,
  "hard_weather_smart_persistence_mae": 4858.901860435563,
  "stable_weather_n": 359,
  "stable_weather_rmse": 4969.541316246327,
  "stable_weather_mae": 3118.3054062311544,
  "stable_weather_smart_persistence_rmse": 4842.444897817307,
  "stable_weather_smart_persistence_mae": 2988.8880767446576
}