{
  "mae": 2378.4134279252316,
  "rmse": 4249.529337804158,
  "bias": 127.57244706819502,
  "n_samples": 372,
  "baseline_mae": 2481.704541076114,
  "baseline_rmse": 4458.227906319658,
  "smart_persistence_mae": 2481.704541076114,
  "smart_persistence_rmse": 4458.227906319658,
  "persistence_mae": 2927.502691945722,
  "persistence_rmse": 4616.2593933305,
  "coverage_80": 0.9005376344086021,
  "pinball_q10_w": 717.703864093901,
  "pinball_q90_w": 770.4592652138181,
  "mean_interval_width_w": 12234.214674234416,
  "scale_multiplier": 1.774921864271164,
  "weather_clear_sky_n": 59,
  "weather_clear_sky_rmse": 1281.210927367365,
  "weather_clear_sky_mae": 561.1680120640332,
  "weather_clear_sky_smart_persistence_rmse": 1372.4054351951054,
  "weather_clear_sky_smart_persistence_mae": 734.1587812992193,
  "weather_cloudy_n": 79,
  "weather_cloudy_rmse": 5530.434982530263,
  "weather_cloudy_mae": 3213.080373087708,
  "weather_cloudy_smart_persistence_rmse": 5982.17175572876,
  "weather_cloudy_smart_persistence_mae": 3359.443863768336,
  "weather_overcast_n": 218,
  "weather_overcast_rmse": 4229.2736946846835,
  "weather_overcast_mae": 2533.071683261646,
  "weather_overcast_smart_persistence_rmse": 4261.106804488931,
  "weather_overcast_smart_persistence_mae": 2543.4821192256354,
  "weather_partly_cloudy_n": 16,
  "weather_partly_cloudy_rmse": 4368.418494886575,
  "weather_partly_cloudy_mae": 2851.1191282150394,
  "weather_partly_cloudy_smart_persistence_rmse": 5575.12946207253,
  "weather_partly_cloudy_smart_persistence_mae": 3750.2221221733394,
  "hard_weather_n": 95,
  "hard_weather_rmse": 5352.422431333548,
  "hard_weather_mae": 3152.1184792144163,
  "hard_weather_smart_persistence_rmse": 5915.578924011606,
  "hard_weather_smart_persistence_mae": 3425.2591493944415,
  "stable_weather_n": 277,
  "stable_weather_rmse": 3798.2331963397132,
  "stable_weather_mae": 2113.0633200823713,
  "stable_weather_smart_persistence_rmse": 3832.861476178469,
  "stable_weather_smart_persistence_mae": 2158.102780100514
}