{
  "mae": 2565.054365815914,
  "rmse": 4410.480996362425,
  "bias": 331.0785454610592,
  "n_samples": 372,
  "baseline_mae": 2481.704541076114,
  "baseline_rmse": 4458.227906319658,
  "smart_persistence_mae": 2481.704541076114,
  "smart_persistence_rmse": 4458.227906319658,
  "persistence_mae": 2927.502691945722,
  "persistence_rmse": 4616.2593933305,
  "coverage_80": 0.9005376344086021,
  "pinball_q10_w": 657.5853817584397,
  "pinball_q90_w": 682.2037110788661,
  "mean_interval_width_w": 10847.488827180723,
  "scale_multiplier": 1.5774622410535812,
  "weather_clear_sky_n": 59,
  "weather_clear_sky_rmse": 1402.1514213391354,
  "weather_clear_sky_mae": 683.8365455259908,
  "weather_clear_sky_smart_persistence_rmse": 1372.4054351951054,
  "weather_clear_sky_smart_persistence_mae": 734.1587812992193,
  "weather_cloudy_n": 79,
  "weather_cloudy_rmse": 5615.653161798585,
  "weather_cloudy_mae": 3396.0601984330237,
  "weather_cloudy_smart_persistence_rmse": 5982.17175572876,
  "weather_cloudy_smart_persistence_mae": 3359.443863768336,
  "weather_overcast_n": 218,
  "weather_overcast_rmse": 4416.253260794032,
  "weather_overcast_mae": 2722.0665476500167,
  "weather_overcast_smart_persistence_rmse": 4261.106804488931,
  "weather_overcast_smart_persistence_mae": 2543.4821192256354,
  "weather_partly_cloudy_n": 16,
  "weather_partly_cloudy_rmse": 4855.7224487154845,
  "weather_partly_cloudy_mae": 3259.662802098377,
  "weather_partly_cloudy_smart_persistence_rmse": 5575.12946207253,
  "weather_partly_cloudy_smart_persistence_mae": 3750.2221221733394,
  "hard_weather_n": 95,
  "hard_weather_rmse": 5495.029258328513,
  "hard_weather_mae": 3373.088005366136,
  "hard_weather_smart_persistence_rmse": 5915.578924011606,
  "hard_weather_smart_persistence_mae": 3425.2591493944415,
  "stable_weather_n": 277,
  "stable_weather_rmse": 3970.8838926061126,
  "stable_weather_mae": 2287.930915428654,
  "stable_weather_smart_persistence_rmse": 3832.861476178469,
  "stable_weather_smart_persistence_mae": 2158.102780100514
}