{
  "mae": 3619.5540172251913,
  "rmse": 5341.77239228137,
  "bias": 1164.9846500708159,
  "n_samples": 434,
  "baseline_mae": 3312.0471407465425,
  "baseline_rmse": 5181.455931818419,
  "smart_persistence_mae": 3312.0471407465425,
  "smart_persistence_rmse": 5181.455931818419,
  "persistence_mae": 3342.1805073698547,
  "persistence_rmse": 5231.9670109932085,
  "coverage_80": 0.9193548387096774,
  "pinball_q10_w": 783.1641685575851,
  "pinball_q90_w": 1117.218202116771,
  "mean_interval_width_w": 16177.537672078668,
  "scale_multiplier": 1.5774622410535812,
  "weather_clear_sky_n": 5,
  "weather_clear_sky_rmse": 4031.7029829603657,
  "weather_clear_sky_mae": 3803.7945836395957,
  "weather_clear_sky_smart_persistence_rmse": 4425.575285040552,
  "weather_clear_sky_smart_persistence_mae": 3931.2557213322625,
  "weather_cloudy_n": 69,
  "weather_cloudy_rmse": 6115.3206297508505,
  "weather_cloudy_mae": 4517.236519891524,
  "weather_cloudy_smart_persistence_rmse": 6549.017228374547,
  "weather_cloudy_smart_persistence_mae": 4780.5851639386965,
  "weather_overcast_n": 354,
  "weather_overcast_rmse": 5172.583876908728,
  "weather_overcast_mae": 3410.1514709737294,
  "weather_overcast_smart_persistence_rmse": 4848.076173925351,
  "weather_overcast_smart_persistence_mae": 2975.577799278731,
  "weather_partly_cloudy_n": 6,
  "weather_partly_cloudy_rmse": 6465.548243035248,
  "weather_partly_cloudy_mae": 5497.421660053321,
  "weather_partly_cloudy_smart_persistence_rmse": 6759.384097190529,
  "weather_partly_cloudy_smart_persistence_mae": 5759.543870149537,
  "hard_weather_n": 75,
  "hard_weather_rmse": 6144.073552532158,
  "hard_weather_mae": 4595.651331104468,
  "hard_weather_smart_persistence_rmse": 6566.094607512983,
  "hard_weather_smart_persistence_mae": 4858.901860435563,
  "stable_weather_n": 359,
  "stable_weather_rmse": 5158.427139265374,
  "stable_weather_mae": 3415.6339655791035,
  "stable_weather_smart_persistence_rmse": 4842.444897817307,
  "stable_weather_smart_persistence_mae": 2988.8880767446576
}