{
  "mae": 1795.7977101268943,
  "rmse": 2999.257590043818,
  "bias": 260.66376620567974,
  "n_samples": 1821,
  "baseline_mae": 2026.6844830196044,
  "baseline_rmse": 3430.0750271654633,
  "smart_persistence_mae": 2026.6844830196044,
  "smart_persistence_rmse": 3430.0750271654633,
  "persistence_mae": 2499.6252857105605,
  "persistence_rmse": 3706.7763378669088,
  "coverage_80": 0.9362987369577156,
  "pinball_q10_w": 465.42140447359156,
  "pinball_q90_w": 515.7081875074879,
  "mean_interval_width_w": 8746.823220086571,
  "scale_multiplier": 1.5774622410535812,
  "weather_clear_sky_n": 518,
  "weather_clear_sky_rmse": 1120.064340190471,
  "weather_clear_sky_mae": 581.6082027068961,
  "weather_clear_sky_smart_persistence_rmse": 1167.8034588016608,
  "weather_clear_sky_smart_persistence_mae": 619.5934504710258,
  "weather_cloudy_n": 346,
  "weather_cloudy_rmse": 4190.132411170713,
  "weather_cloudy_mae": 2882.918974858463,
  "weather_cloudy_smart_persistence_rmse": 4991.117642720206,
  "weather_cloudy_smart_persistence_mae": 3440.0190244566083,
  "weather_overcast_n": 823,
  "weather_overcast_rmse": 3030.594400348687,
  "weather_overcast_mae": 1917.956673037998,
  "weather_overcast_smart_persistence_rmse": 3234.7612359389173,
  "weather_overcast_smart_persistence_mae": 2014.8601158061547,
  "weather_partly_cloudy_n": 134,
  "weather_partly_cloudy_rmse": 3956.2868487407977,
  "weather_partly_cloudy_mae": 2932.1363725940423,
  "weather_partly_cloudy_smart_persistence_rmse": 5101.570387283185,
  "weather_partly_cloudy_smart_persistence_mae": 3889.30282436012,
  "hard_weather_n": 480,
  "hard_weather_rmse": 4126.184194659349,
  "hard_weather_mae": 2896.6588317263127,
  "hard_weather_smart_persistence_rmse": 5022.196788118028,
  "hard_weather_smart_persistence_mae": 3565.444085263006,
  "stable_weather_n": 1341,
  "stable_weather_rmse": 2474.1315409320964,
  "stable_weather_mae": 1401.7534607848206,
  "stable_weather_smart_persistence_rmse": 2636.014984978562,
  "stable_weather_smart_persistence_mae": 1475.8980482121226
}