{
  "mae": 1769.8917183275516,
  "rmse": 2971.753793367196,
  "bias": 94.55378701858487,
  "n_samples": 1821,
  "baseline_mae": 2026.6844830196044,
  "baseline_rmse": 3430.0750271654633,
  "smart_persistence_mae": 2026.6844830196044,
  "smart_persistence_rmse": 3430.0750271654633,
  "persistence_mae": 2499.6252857105605,
  "persistence_rmse": 3706.7763378669088,
  "coverage_80": 0.9280615046677649,
  "pinball_q10_w": 459.72329095284425,
  "pinball_q90_w": 491.211371290123,
  "mean_interval_width_w": 8382.112414429468,
  "scale_multiplier": 1.417570486664772,
  "weather_clear_sky_n": 518,
  "weather_clear_sky_rmse": 1075.533951925126,
  "weather_clear_sky_mae": 530.0238981709997,
  "weather_clear_sky_smart_persistence_rmse": 1167.8034588016608,
  "weather_clear_sky_smart_persistence_mae": 619.5934504710258,
  "weather_cloudy_n": 346,
  "weather_cloudy_rmse": 4202.58537952852,
  "weather_cloudy_mae": 2895.7377742195536,
  "weather_cloudy_smart_persistence_rmse": 4991.117642720206,
  "weather_cloudy_smart_persistence_mae": 3440.0190244566083,
  "weather_overcast_n": 823,
  "weather_overcast_rmse": 2947.022829563069,
  "weather_overcast_mae": 1862.5634286795864,
  "weather_overcast_smart_persistence_rmse": 3234.7612359389173,
  "weather_overcast_smart_persistence_mae": 2014.8601158061547,
  "weather_partly_cloudy_n": 134,
  "weather_partly_cloudy_rmse": 4073.907929797651,
  "weather_partly_cloudy_mae": 3086.6079711837947,
  "weather_partly_cloudy_smart_persistence_rmse": 5101.570387283185,
  "weather_partly_cloudy_smart_persistence_mae": 3889.30282436012,
  "hard_weather_n": 480,
  "hard_weather_rmse": 4167.06274444133,
  "hard_weather_mae": 2949.0223708720714,
  "hard_weather_smart_persistence_rmse": 5022.196788118028,
  "hard_weather_smart_persistence_mae": 3565.444085263006,
  "stable_weather_n": 1341,
  "stable_weather_rmse": 2403.5328689580992,
  "stable_weather_mae": 1347.8315294972988,
  "stable_weather_smart_persistence_rmse": 2636.014984978562,
  "stable_weather_smart_persistence_mae": 1475.8980482121226
}