{
  "mae": 4840.450487460352,
  "rmse": 6255.2526269252685,
  "bias": -22.72832585691628,
  "n_samples": 82,
  "baseline_mae": 4905.532595750762,
  "baseline_rmse": 6642.084449627606,
  "coverage_80": 0.6097560975609756,
  "pinball_q10_w": 1165.6566956788522,
  "pinball_q90_w": 1331.1380657456955,
  "mean_interval_width_w": 11172.105114380127
}