{
  "mae": 2446.7003046911996,
  "rmse": 3447.9276960860543,
  "bias": 200.09983314427174,
  "n_samples": 454,
  "baseline_mae": 3901.7554915507985,
  "baseline_rmse": 5280.0665703288305,
  "coverage_80": 0.8502202643171806,
  "pinball_q10_w": 524.2689962820912,
  "pinball_q90_w": 585.5523488386406,
  "mean_interval_width_w": 8879.192514861346
}