{
  "mae": 3647.5907775576147,
  "rmse": 5455.411883130612,
  "bias": 105.84208348188459,
  "n_samples": 102,
  "baseline_mae": 4159.343118106618,
  "baseline_rmse": 5967.940832316512,
  "coverage_80": 0.7450980392156863,
  "pinball_q10_w": 1090.0821509977654,
  "pinball_q90_w": 924.4759283976332,
  "mean_interval_width_w": 10658.543045659466
}