{
  "mae": 3385.5153251861557,
  "rmse": 5117.725434817013,
  "bias": -540.6567234714641,
  "n_samples": 434,
  "baseline_mae": 3312.0471407465425,
  "baseline_rmse": 5181.455931818419,
  "smart_persistence_mae": 3312.0471407465425,
  "smart_persistence_rmse": 5181.455931818419,
  "persistence_mae": 3342.1805073698547,
  "persistence_rmse": 5231.9670109932085,
  "coverage_80": 0.8778801843317973,
  "pinball_q10_w": 793.992855270456,
  "pinball_q90_w": 931.3566450862451,
  "mean_interval_width_w": 13178.612739771785,
  "scale_multiplier": 1.3195398151874542,
  "weather_clear_sky_n": 5,
  "weather_clear_sky_rmse": 4349.145833951356,
  "weather_clear_sky_mae": 3926.90482267458,
  "weather_clear_sky_smart_persistence_rmse": 4425.575285040552,
  "weather_clear_sky_smart_persistence_mae": 3931.2557213322625,
  "weather_cloudy_n": 69,
  "weather_cloudy_rmse": 6499.608884330641,
  "weather_cloudy_mae": 4869.991455874459,
  "weather_cloudy_smart_persistence_rmse": 6549.017228374547,
  "weather_cloudy_smart_persistence_mae": 4780.5851639386965,
  "weather_overcast_n": 354,
  "weather_overcast_rmse": 4778.639840981868,
  "weather_overcast_mae": 3046.797900377905,
  "weather_overcast_smart_persistence_rmse": 4848.076173925351,
  "weather_overcast_smart_persistence_mae": 2975.577799278731,
  "weather_partly_cloudy_n": 6,
  "weather_partly_cloudy_rmse": 6754.475506143773,
  "weather_partly_cloudy_mae": 5847.209971383777,
  "weather_partly_cloudy_smart_persistence_rmse": 6759.384097190529,
  "weather_partly_cloudy_smart_persistence_mae": 5759.543870149537,
  "hard_weather_n": 75,
  "hard_weather_rmse": 6520.364832306233,
  "hard_weather_mae": 4948.168937115204,
  "hard_weather_smart_persistence_rmse": 6566.094607512983,
  "hard_weather_smart_persistence_mae": 4858.901860435563,
  "stable_weather_n": 359,
  "stable_weather_rmse": 4772.923427414051,
  "stable_weather_mae": 3059.055656955854,
  "stable_weather_smart_persistence_rmse": 4842.444897817307,
  "stable_weather_smart_persistence_mae": 2988.8880767446576
}