{
  "mae": 2492.2139946618017,
  "rmse": 4307.497366314248,
  "bias": -589.6233207239175,
  "n_samples": 372,
  "baseline_mae": 2481.704541076114,
  "baseline_rmse": 4458.227906319658,
  "smart_persistence_mae": 2481.704541076114,
  "smart_persistence_rmse": 4458.227906319658,
  "persistence_mae": 2927.502691945722,
  "persistence_rmse": 4616.2593933305,
  "coverage_80": 0.9005376344086021,
  "pinball_q10_w": 649.5575097171608,
  "pinball_q90_w": 645.7757327857095,
  "mean_interval_width_w": 10619.952649007128,
  "scale_multiplier": 1.3195398151874542,
  "weather_clear_sky_n": 59,
  "weather_clear_sky_rmse": 1234.3142339437704,
  "weather_clear_sky_mae": 673.2599712705824,
  "weather_clear_sky_smart_persistence_rmse": 1372.4054351951054,
  "weather_clear_sky_smart_persistence_mae": 734.1587812992193,
  "weather_cloudy_n": 79,
  "weather_cloudy_rmse": 5748.880967541295,
  "weather_cloudy_mae": 3289.119017443975,
  "weather_cloudy_smart_persistence_rmse": 5982.17175572876,
  "weather_cloudy_smart_persistence_mae": 3359.443863768336,
  "weather_overcast_n": 218,
  "weather_overcast_rmse": 4186.8094986267815,
  "weather_overcast_mae": 2633.980575901488,
  "weather_overcast_smart_persistence_rmse": 4261.106804488931,
  "weather_overcast_smart_persistence_mae": 2543.4821192256354,
  "weather_partly_cloudy_n": 16,
  "weather_partly_cloudy_rmse": 4873.869593711232,
  "weather_partly_cloudy_mae": 3333.3187365392223,
  "weather_partly_cloudy_smart_persistence_rmse": 5575.12946207253,
  "weather_partly_cloudy_smart_persistence_mae": 3750.2221221733394,
  "hard_weather_n": 95,
  "hard_weather_rmse": 5611.0742333933,
  "hard_weather_mae": 3296.5631806600163,
  "hard_weather_smart_persistence_rmse": 5915.578924011606,
  "hard_weather_smart_persistence_mae": 3425.2591493944415,
  "stable_weather_n": 277,
  "stable_weather_rmse": 3757.683752357861,
  "stable_weather_mae": 2216.3541655288404,
  "stable_weather_smart_persistence_rmse": 3832.861476178469,
  "stable_weather_smart_persistence_mae": 2158.102780100514
}