{
  "mae": 2278.7122096193484,
  "rmse": 3469.3048261195713,
  "bias": 964.442857395482,
  "n_samples": 1821,
  "baseline_mae": 2026.6844830196044,
  "baseline_rmse": 3430.0750271654633,
  "smart_persistence_mae": 2026.6844830196044,
  "smart_persistence_rmse": 3430.0750271654633,
  "persistence_mae": 2499.6252857105605,
  "persistence_rmse": 3706.7763378669088,
  "coverage_80": 0.9225700164744646,
  "pinball_q10_w": 579.766984313093,
  "pinball_q90_w": 737.9544426516171,
  "mean_interval_width_w": 11195.797724748942,
  "scale_multiplier": 1.329582303762436,
  "weather_clear_sky_n": 518,
  "weather_clear_sky_rmse": 1198.982619279292,
  "weather_clear_sky_mae": 647.1026997545516,
  "weather_clear_sky_smart_persistence_rmse": 1167.8034588016608,
  "weather_clear_sky_smart_persistence_mae": 619.5934504710258,
  "weather_cloudy_n": 346,
  "weather_cloudy_rmse": 4820.759847363214,
  "weather_cloudy_mae": 3474.3153001824376,
  "weather_cloudy_smart_persistence_rmse": 4991.117642720206,
  "weather_cloudy_smart_persistence_mae": 3440.0190244566083,
  "weather_overcast_n": 823,
  "weather_overcast_rmse": 3535.799069667716,
  "weather_overcast_mae": 2598.5362898828857,
  "weather_overcast_smart_persistence_rmse": 3234.7612359389173,
  "weather_overcast_smart_persistence_mae": 2014.8601158061547,
  "weather_partly_cloudy_n": 134,
  "weather_partly_cloudy_rmse": 4606.169147214592,
  "weather_partly_cloudy_mae": 3534.53190154655,
  "weather_partly_cloudy_smart_persistence_rmse": 5101.570387283185,
  "weather_partly_cloudy_smart_persistence_mae": 3889.30282436012,
  "hard_weather_n": 480,
  "hard_weather_rmse": 4761.826384900197,
  "hard_weather_mae": 3491.1257680632525,
  "hard_weather_smart_persistence_rmse": 5022.196788118028,
  "hard_weather_smart_persistence_mae": 3565.444085263006,
  "stable_weather_n": 1341,
  "stable_weather_rmse": 2868.442676487832,
  "stable_weather_mae": 1844.7386763955797,
  "stable_weather_smart_persistence_rmse": 2636.014984978562,
  "stable_weather_smart_persistence_mae": 1475.8980482121226
}