{
  "mae": 2874.569490505208,
  "rmse": 4508.428019938782,
  "bias": 899.5574917265373,
  "n_samples": 372,
  "baseline_mae": 2481.704541076114,
  "baseline_rmse": 4458.227906319658,
  "smart_persistence_mae": 2481.704541076114,
  "smart_persistence_rmse": 4458.227906319658,
  "persistence_mae": 2927.502691945722,
  "persistence_rmse": 4616.2593933305,
  "coverage_80": 0.9005376344086021,
  "pinball_q10_w": 730.0350364653249,
  "pinball_q90_w": 885.6101584058196,
  "mean_interval_width_w": 12690.588329073838,
  "scale_multiplier": 1.329582303762436,
  "weather_clear_sky_n": 59,
  "weather_clear_sky_rmse": 1282.682603369931,
  "weather_clear_sky_mae": 681.2726754828088,
  "weather_clear_sky_smart_persistence_rmse": 1372.4054351951054,
  "weather_clear_sky_smart_persistence_mae": 734.1587812992193,
  "weather_cloudy_n": 79,
  "weather_cloudy_rmse": 5614.571538346483,
  "weather_cloudy_mae": 3358.6748107061185,
  "weather_cloudy_smart_persistence_rmse": 5982.17175572876,
  "weather_cloudy_smart_persistence_mae": 3359.443863768336,
  "weather_overcast_n": 218,
  "weather_overcast_rmse": 4580.9661688812785,
  "weather_overcast_mae": 3245.9088451312095,
  "weather_overcast_smart_persistence_rmse": 4261.106804488931,
  "weather_overcast_smart_persistence_mae": 2543.4821192256354,
  "weather_partly_cloudy_n": 16,
  "weather_partly_cloudy_rmse": 4993.982826173306,
  "weather_partly_cloudy_mae": 3512.5827706290293,
  "weather_partly_cloudy_smart_persistence_rmse": 5575.12946207253,
  "weather_partly_cloudy_smart_persistence_mae": 3750.2221221733394,
  "hard_weather_n": 95,
  "hard_weather_rmse": 5514.943815782374,
  "hard_weather_mae": 3384.596151324714,
  "hard_weather_smart_persistence_rmse": 5915.578924011606,
  "hard_weather_smart_persistence_mae": 3425.2591493944415,
  "stable_weather_n": 277,
  "stable_weather_rmse": 4106.81213242363,
  "stable_weather_mae": 2699.650599610431,
  "stable_weather_smart_persistence_rmse": 3832.861476178469,
  "stable_weather_smart_persistence_mae": 2158.102780100514
}