{
  "mae": 3926.0183596635297,
  "rmse": 5365.398640273116,
  "bias": 1826.0211313492007,
  "n_samples": 434,
  "baseline_mae": 3312.0471407465425,
  "baseline_rmse": 5181.455931818419,
  "smart_persistence_mae": 3312.0471407465425,
  "smart_persistence_rmse": 5181.455931818419,
  "persistence_mae": 3342.1805073698547,
  "persistence_rmse": 5231.9670109932085,
  "coverage_80": 0.8870967741935484,
  "pinball_q10_w": 738.2070856307387,
  "pinball_q90_w": 1059.494839446418,
  "mean_interval_width_w": 14219.739635062857,
  "scale_multiplier": 1.329582303762436,
  "weather_clear_sky_n": 5,
  "weather_clear_sky_rmse": 3973.3769111750607,
  "weather_clear_sky_mae": 3436.6611806211527,
  "weather_clear_sky_smart_persistence_rmse": 4425.575285040552,
  "weather_clear_sky_smart_persistence_mae": 3931.2557213322625,
  "weather_cloudy_n": 69,
  "weather_cloudy_rmse": 6272.88840585552,
  "weather_cloudy_mae": 4695.146909220019,
  "weather_cloudy_smart_persistence_rmse": 6549.017228374547,
  "weather_cloudy_smart_persistence_mae": 4780.5851639386965,
  "weather_overcast_n": 354,
  "weather_overcast_rmse": 5153.177566087121,
  "weather_overcast_mae": 3749.9862302360243,
  "weather_overcast_smart_persistence_rmse": 4848.076173925351,
  "weather_overcast_smart_persistence_mae": 2975.577799278731,
  "weather_partly_cloudy_n": 6,
  "weather_partly_cloudy_rmse": 7061.550597962029,
  "weather_partly_cloudy_mae": 5874.733325188728,
  "weather_partly_cloudy_smart_persistence_rmse": 6759.384097190529,
  "weather_partly_cloudy_smart_persistence_mae": 5759.543870149537,
  "hard_weather_n": 75,
  "hard_weather_rmse": 6339.592919418212,
  "hard_weather_mae": 4789.513822497515,
  "hard_weather_smart_persistence_rmse": 6566.094607512983,
  "hard_weather_smart_persistence_mae": 4858.901860435563,
  "stable_weather_n": 359,
  "stable_weather_rmse": 5138.606196076585,
  "stable_weather_mae": 3745.622371606291,
  "stable_weather_smart_persistence_rmse": 4842.444897817307,
  "stable_weather_smart_persistence_mae": 2988.8880767446576
}