{
  "mae": 928.0949899337517,
  "rmse": 1092.6535585228223,
  "bias": -753.132555012757,
  "n_samples": 20,
  "smart_persistence_mae": 286.4981498681649,
  "smart_persistence_rmse": 360.7670018196125,
  "coverage_80": 1.0,
  "pinball_q10_w": 506.28912487735425,
  "pinball_q90_w": 355.66261387480273,
  "mean_interval_width_w": 8619.517387521571,
  "scale_multiplier": 0.250000461935997,
  "gate_sun_mean": 0.5310816764831543,
  "weather_clear_sky_n": 20,
  "weather_clear_sky_rmse": 1092.6535585228223,
  "weather_clear_sky_mae": 928.0949899337517,
  "weather_clear_sky_smart_persistence_rmse": 360.7670018196125,
  "weather_clear_sky_smart_persistence_mae": 286.4981498681649,
  "stable_weather_n": 20,
  "stable_weather_rmse": 1092.6535585228223,
  "stable_weather_mae": 928.0949899337517,
  "stable_weather_smart_persistence_rmse": 360.7670018196125,
  "stable_weather_smart_persistence_mae": 286.4981498681649
}