{
  "mae": 1425.9818060186576,
  "rmse": 2006.7980565659507,
  "bias": -302.58994917501406,
  "n_samples": 20,
  "smart_persistence_mae": 1288.8239289658086,
  "smart_persistence_rmse": 1849.2378787381415,
  "coverage_80": 1.0,
  "pinball_q10_w": 540.0125038105205,
  "pinball_q90_w": 538.6267978553205,
  "mean_interval_width_w": 10786.39301665841,
  "scale_multiplier": 0.250000461935997,
  "gate_sun_mean": 0.528382420539856,
  "weather_overcast_n": 20,
  "weather_overcast_rmse": 2006.7980565659507,
  "weather_overcast_mae": 1425.9818060186576,
  "weather_overcast_smart_persistence_rmse": 1849.2378787381415,
  "weather_overcast_smart_persistence_mae": 1288.8239289658086,
  "stable_weather_n": 20,
  "stable_weather_rmse": 2006.7980565659507,
  "stable_weather_mae": 1425.9818060186576,
  "stable_weather_smart_persistence_rmse": 1849.2378787381415,
  "stable_weather_smart_persistence_mae": 1288.8239289658086
}