{
  "mae": 1533.4477722862387,
  "rmse": 2431.2606871280896,
  "bias": -604.920296919631,
  "n_samples": 20,
  "smart_persistence_mae": 1410.6620257889695,
  "smart_persistence_rmse": 2263.262983422359,
  "coverage_80": 0.95,
  "pinball_q10_w": 574.1048884385291,
  "pinball_q90_w": 574.5311265979714,
  "mean_interval_width_w": 10603.637791946552,
  "scale_multiplier": 0.250000461935997,
  "gate_sun_mean": 0.5246173143386841,
  "weather_overcast_n": 20,
  "weather_overcast_rmse": 2431.2606871280896,
  "weather_overcast_mae": 1533.4477722862387,
  "weather_overcast_smart_persistence_rmse": 2263.262983422359,
  "weather_overcast_smart_persistence_mae": 1410.6620257889695,
  "stable_weather_n": 20,
  "stable_weather_rmse": 2431.2606871280896,
  "stable_weather_mae": 1533.4477722862387,
  "stable_weather_smart_persistence_rmse": 2263.262983422359,
  "stable_weather_smart_persistence_mae": 1410.6620257889695
}