mae_W,rmse_W,mae_norm_peak,rmse_norm_peak
2508.348388671875,4136.09619140625,0.037833309029741705,0.06238455793976244
