mae_W,rmse_W,mae_norm_peak,rmse_norm_peak
4006.064208984375,6147.2412109375,0.06042329123656674,0.09271857030071644
