{
  "mae": 3274.261736231512,
  "rmse": 5022.2169764225855,
  "bias": 144.8396712034481,
  "n_samples": 434,
  "smart_persistence_mae": 3312.0471407465425,
  "smart_persistence_rmse": 5181.455931818419,
  "persistence_mae": 3342.1805073698547,
  "persistence_rmse": 5231.9670109932085,
  "coverage_80": 0.8755760368663594,
  "pinball_q10_w": 748.135210054413,
  "pinball_q90_w": 924.079482037154,
  "mean_interval_width_w": 12999.402720622194,
  "weather_clear_sky_n": 5,
  "weather_clear_sky_rmse": 4231.792806608624,
  "weather_clear_sky_mae": 3804.3439121612237,
  "weather_clear_sky_smart_persistence_rmse": 4425.575285040552,
  "weather_clear_sky_smart_persistence_mae": 3931.2557213322625,
  "weather_cloudy_n": 69,
  "weather_cloudy_rmse": 6273.246501122283,
  "weather_cloudy_mae": 4693.379893890701,
  "weather_cloudy_smart_persistence_rmse": 6549.017228374547,
  "weather_cloudy_smart_persistence_mae": 4780.5851639386965,
  "weather_overcast_n": 354,
  "weather_overcast_rmse": 4707.301476358064,
  "weather_overcast_mae": 2946.114458588194,
  "weather_overcast_smart_persistence_rmse": 4848.076173925351,
  "weather_overcast_smart_persistence_mae": 2975.577799278731,
  "weather_partly_cloudy_n": 6,
  "weather_partly_cloudy_rmse": 7041.784644442201,
  "weather_partly_cloudy_mae": 5873.357157498479,
  "weather_partly_cloudy_smart_persistence_rmse": 6759.384097190529,
  "weather_partly_cloudy_smart_persistence_mae": 5759.543870149537,
  "hard_weather_n": 75,
  "hard_weather_rmse": 6338.159859851413,
  "hard_weather_mae": 4787.778074979324,
  "hard_weather_smart_persistence_rmse": 6566.094607512983,
  "hard_weather_smart_persistence_mae": 4858.901860435563,
  "stable_weather_n": 359,
  "stable_weather_rmse": 4701.009082931142,
  "stable_weather_mae": 2958.067515044643,
  "stable_weather_smart_persistence_rmse": 4842.444897817307,
  "stable_weather_smart_persistence_mae": 2988.8880767446576
}