{
  "mae": 1952.2326894076973,
  "rmse": 3262.4192688915987,
  "bias": 36.300973684673934,
  "n_samples": 1821,
  "smart_persistence_mae": 2026.6844830196044,
  "smart_persistence_rmse": 3430.0750271654633,
  "persistence_mae": 2499.6252857105605,
  "persistence_rmse": 3706.7763378669088,
  "coverage_80": 0.9220208676551346,
  "pinball_q10_w": 530.833955219163,
  "pinball_q90_w": 567.9304403281554,
  "mean_interval_width_w": 8979.262953371855,
  "weather_clear_sky_n": 518,
  "weather_clear_sky_rmse": 1114.376447732486,
  "weather_clear_sky_mae": 553.4894504593307,
  "weather_clear_sky_smart_persistence_rmse": 1167.8034588016608,
  "weather_clear_sky_smart_persistence_mae": 619.5934504710258,
  "weather_cloudy_n": 346,
  "weather_cloudy_rmse": 4793.7822249056035,
  "weather_cloudy_mae": 3445.16440656509,
  "weather_cloudy_smart_persistence_rmse": 4991.117642720206,
  "weather_cloudy_smart_persistence_mae": 3440.0190244566083,
  "weather_overcast_n": 823,
  "weather_overcast_rmse": 3111.48803040263,
  "weather_overcast_mae": 1950.060708124538,
  "weather_overcast_smart_persistence_rmse": 3234.7612359389173,
  "weather_overcast_smart_persistence_mae": 2014.8601158061547,
  "weather_partly_cloudy_n": 134,
  "weather_partly_cloudy_rmse": 4586.942636638684,
  "weather_partly_cloudy_mae": 3517.7712284736394,
  "weather_partly_cloudy_smart_persistence_rmse": 5101.570387283185,
  "weather_partly_cloudy_smart_persistence_mae": 3889.30282436012,
  "hard_weather_n": 480,
  "hard_weather_rmse": 4736.948328389873,
  "hard_weather_mae": 3465.43381101456,
  "hard_weather_smart_persistence_rmse": 5022.196788118028,
  "hard_weather_smart_persistence_mae": 3565.444085263006,
  "stable_weather_n": 1341,
  "stable_weather_rmse": 2534.0379186892524,
  "stable_weather_mae": 1410.5947040450617,
  "stable_weather_smart_persistence_rmse": 2636.014984978562,
  "stable_weather_smart_persistence_mae": 1475.8980482121226
}