{
  "mae": 2438.0565104562656,
  "rmse": 4244.955006165974,
  "bias": -216.6531020850445,
  "n_samples": 372,
  "smart_persistence_mae": 2481.704541076114,
  "smart_persistence_rmse": 4458.227906319658,
  "persistence_mae": 2927.502691945722,
  "persistence_rmse": 4616.2593933305,
  "coverage_80": 0.9166666666666666,
  "pinball_q10_w": 657.3138332227697,
  "pinball_q90_w": 712.4880494246033,
  "mean_interval_width_w": 10819.122575316323,
  "weather_clear_sky_n": 59,
  "weather_clear_sky_rmse": 1226.7703496506088,
  "weather_clear_sky_mae": 619.6161015637799,
  "weather_clear_sky_smart_persistence_rmse": 1372.4054351951054,
  "weather_clear_sky_smart_persistence_mae": 734.1587812992193,
  "weather_cloudy_n": 79,
  "weather_cloudy_rmse": 5616.731277066431,
  "weather_cloudy_mae": 3351.5935403849617,
  "weather_cloudy_smart_persistence_rmse": 5982.17175572876,
  "weather_cloudy_smart_persistence_mae": 3359.443863768336,
  "weather_overcast_n": 218,
  "weather_overcast_rmse": 4133.8594402238605,
  "weather_overcast_mae": 2521.664548242433,
  "weather_overcast_smart_persistence_rmse": 4261.106804488931,
  "weather_overcast_smart_persistence_mae": 2543.4821192256354,
  "weather_partly_cloudy_n": 16,
  "weather_partly_cloudy_rmse": 4980.532230685893,
  "weather_partly_cloudy_mae": 3493.8069181378396,
  "weather_partly_cloudy_smart_persistence_rmse": 5575.12946207253,
  "weather_partly_cloudy_smart_persistence_mae": 3750.2221221733394,
  "hard_weather_n": 95,
  "hard_weather_rmse": 5514.723994312855,
  "hard_weather_mae": 3375.5452671643934,
  "hard_weather_smart_persistence_rmse": 5915.578924011606,
  "hard_weather_smart_persistence_mae": 3425.2591493944415,
  "stable_weather_n": 277,
  "stable_weather_rmse": 3710.726975369821,
  "stable_weather_mae": 2116.53509570077,
  "stable_weather_smart_persistence_rmse": 3832.861476178469,
  "stable_weather_smart_persistence_mae": 2158.102780100514
}