{
  "mae": 4860.667846060964,
  "rmse": 5584.051378402885,
  "bias": -217.48279076015265,
  "n_samples": 15,
  "baseline_mae": 5078.865950520833,
  "baseline_rmse": 5807.646908899374,
  "coverage_80": 1.0,
  "pinball_q10_w": 1624.990228052443,
  "pinball_q90_w": 1581.4936699004122,
  "mean_interval_width_w": 32064.83897952856
}