{
  "mae": 7186.645112929455,
  "rmse": 8783.32932820208,
  "bias": -2769.6384103698424,
  "n_samples": 15,
  "baseline_mae": 6696.8890625,
  "baseline_rmse": 8892.289259079305,
  "coverage_80": 0.8,
  "pinball_q10_w": 1968.8843277964863,
  "pinball_q90_w": 1697.6977653590861,
  "mean_interval_width_w": 27883.975036712185
}