{
  "mae": 2356.0170042979685,
  "rmse": 2893.6564077891207,
  "bias": -1408.6426820933352,
  "n_samples": 15,
  "baseline_mae": 2667.933138020833,
  "baseline_rmse": 3149.147976493152,
  "coverage_80": 1.0,
  "pinball_q10_w": 1236.7973560146415,
  "pinball_q90_w": 955.0688195959742,
  "mean_interval_width_w": 21918.66175610616
}